edge	rep	leg	K	이웃 쌍별 수락률(λ 오름차순)	이웃 수락률 평균	이웃 수락률 최솟값	그 λ 쌍	쌍별 성사 수	성사 0회 쌍	시도 수	log 끝 요약 블록 수	출처
N01	r1	cplxL1	3	.49 .44	미계산(회차별 평균 저장 안 됨)	0.44	0.507981–1	293 271	없음	1249 (odd 625·even 624)	1	qsar/data/fep_m1/pass1/N01_cplx_L1_r1/w00/prod.log
N01	r2	cplxL1	3	.48 .47	미계산(회차별 평균 저장 안 됨)	0.47	0.507981–1	282 288	없음	1249 (odd 625·even 624)	1	qsar/data/fep_m1/pass1/N01_cplx_L1_r2/w00/prod.log
N01	r3	cplxL1	3	.48 .46	미계산(회차별 평균 저장 안 됨)	0.46	0.507981–1	303 281	없음	1249 (odd 625·even 624)	1	qsar/data/fep_m1/pass1/N01_cplx_L1_r3/w00/prod.log
N01	r4	cplxL1	3	.41 .45	미계산(회차별 평균 저장 안 됨)	0.41	0–0.507981	244 294	없음	1249 (odd 625·even 624)	1	qsar/data/fep_m1/pass1/N01_cplx_L1_r4/w00/prod.log
N01	r5	cplxL1	3	.45 .43	미계산(회차별 평균 저장 안 됨)	0.43	0.507981–1	281 268	없음	1249 (odd 625·even 624)	1	qsar/data/fep_m1/pass1/N01_cplx_L1_r5/w00/prod.log
N01	회차 평균(nrep=5)	cplxL1	3	0.462 0.45	미계산	0.45	0.507981–1	미계산	미계산	1249	—	final_report_20260921/replex.json per_leg (쌍별 값을 회차에 걸쳐 평균한 저장값)
N01	r1	cplxL2	6	.37 .42 .43 .49 .46	미계산(회차별 평균 저장 안 됨)	0.37	0–0.294136	224 258 275 297 287	없음	1249 (odd 625·even 624)	1	qsar/data/fep_m1/pass1/N01_cplx_L2_r1/w00/prod.log
N01	r2	cplxL2	6	.40 .35 .40 .40 .42	미계산(회차별 평균 저장 안 됨)	0.35	0.294136–0.474229	249 218 244 256 264	없음	1249 (odd 625·even 624)	1	qsar/data/fep_m1/pass1/N01_cplx_L2_r2/w00/prod.log
N01	r3	cplxL2	6	.41 .44 .49 .46 .45	미계산(회차별 평균 저장 안 됨)	0.41	0–0.294136	267 280 291 278 281	없음	1249 (odd 625·even 624)	1	qsar/data/fep_m1/pass1/N01_cplx_L2_r3/w00/prod.log
N01	r4	cplxL2	6	.41 .40 .39 .46 .40	미계산(회차별 평균 저장 안 됨)	0.39	0.474229–0.640593	261 249 239 306 251	없음	1249 (odd 625·even 624)	1	qsar/data/fep_m1/pass1/N01_cplx_L2_r4/w00/prod.log
N01	r5	cplxL2	6	.46 .33 .37 .42 .41	미계산(회차별 평균 저장 안 됨)	0.33	0.294136–0.474229	296 208 216 267 263	없음	1249 (odd 625·even 624)	1	qsar/data/fep_m1/pass1/N01_cplx_L2_r5/w00/prod.log
N01	회차 평균(nrep=5)	cplxL2	6	0.41 0.388 0.416 0.446 0.428	미계산	0.388	0.294136–0.474229	미계산	미계산	1249	—	final_report_20260921/replex.json per_leg (쌍별 값을 회차에 걸쳐 평균한 저장값)
N01	r1	cplxL3	3	.44 .48	미계산(회차별 평균 저장 안 됨)	0.44	0–0.497508	280 298	없음	1249 (odd 625·even 624)	1	qsar/data/fep_m1/pass1/N01_cplx_L3_r1/w00/prod.log
N01	r2	cplxL3	3	.48 .50	미계산(회차별 평균 저장 안 됨)	0.48	0–0.497508	297 320	없음	1249 (odd 625·even 624)	1	qsar/data/fep_m1/pass1/N01_cplx_L3_r2/w00/prod.log
N01	r3	cplxL3	3	.51 .54	미계산(회차별 평균 저장 안 됨)	0.51	0–0.497508	342 337	없음	1249 (odd 625·even 624)	1	qsar/data/fep_m1/pass1/N01_cplx_L3_r3/w00/prod.log
N01	r4	cplxL3	3	.47 .38	미계산(회차별 평균 저장 안 됨)	0.38	0.497508–1	292 233	없음	1249 (odd 625·even 624)	1	qsar/data/fep_m1/pass1/N01_cplx_L3_r4/w00/prod.log
N01	r5	cplxL3	3	.45 .38	미계산(회차별 평균 저장 안 됨)	0.38	0.497508–1	282 227	없음	1249 (odd 625·even 624)	1	qsar/data/fep_m1/pass1/N01_cplx_L3_r5/w00/prod.log
N01	회차 평균(nrep=5)	cplxL3	3	0.47 0.456	미계산	0.45599999999999996	0.497508–1	미계산	미계산	1249	—	final_report_20260921/replex.json per_leg (쌍별 값을 회차에 걸쳐 평균한 저장값)
N01	r3	solvL1	4	.47 .47 .47	미계산(회차별 평균 저장 안 됨)	0.47	0–0.32155 · 0.32155–0.650285 · 0.650285–1	298 284 275	없음	1249 (odd 625·even 624)	1	qsar/data/fep_m1/pass1/N01_solv_L1_r3/w00/prod.log
N01	r4	solvL1	4	.43 .46 .48	미계산(회차별 평균 저장 안 됨)	0.43	0–0.32155	255 275 285	없음	1249 (odd 625·even 624)	1	qsar/data/fep_m1/pass1/N01_solv_L1_r4/w00/prod.log
N01	r5	solvL1	4	.47 .47 .47	미계산(회차별 평균 저장 안 됨)	0.47	0–0.32155 · 0.32155–0.650285 · 0.650285–1	292 303 296	없음	1249 (odd 625·even 624)	1	qsar/data/fep_m1/pass1/N01_solv_L1_r5/w00/prod.log
N01	회차 평균(nrep=3)	solvL1	4	0.4567 0.4667 0.4733	미계산	0.4566666666666666	0–0.32155	미계산	미계산	1249	—	final_report_20260921/replex.json per_leg (쌍별 값을 회차에 걸쳐 평균한 저장값)
N01	r3	solvL2	6	.52 .40 .47 .47 .48	미계산(회차별 평균 저장 안 됨)	0.40	0.30972–0.464561	314 267 282 303 300	없음	1249 (odd 625·even 624)	1	qsar/data/fep_m1/pass1/N01_solv_L2_r3/w00/prod.log
N01	r4	solvL2	6	.48 .40 .47 .47 .47	미계산(회차별 평균 저장 안 됨)	0.40	0.30972–0.464561	296 250 289 295 283	없음	1249 (odd 625·even 624)	1	qsar/data/fep_m1/pass1/N01_solv_L2_r4/w00/prod.log
N01	r5	solvL2	6	.51 .40 .44 .50 .43	미계산(회차별 평균 저장 안 됨)	0.40	0.30972–0.464561	316 253 269 310 265	없음	1249 (odd 625·even 624)	1	qsar/data/fep_m1/pass1/N01_solv_L2_r5/w00/prod.log
N01	회차 평균(nrep=3)	solvL2	6	0.5033 0.4 0.46 0.48 0.46	미계산	0.4000000000000001	0.30972–0.464561	미계산	미계산	1249	—	final_report_20260921/replex.json per_leg (쌍별 값을 회차에 걸쳐 평균한 저장값)
N01	r3	solvL3	3	.42 .40	미계산(회차별 평균 저장 안 됨)	0.40	0.507034–1	272 243	없음	1249 (odd 625·even 624)	1	qsar/data/fep_m1/pass1/N01_solv_L3_r3/w00/prod.log
N01	r4	solvL3	3	.41 .39	미계산(회차별 평균 저장 안 됨)	0.39	0.507034–1	262 245	없음	1249 (odd 625·even 624)	1	qsar/data/fep_m1/pass1/N01_solv_L3_r4/w00/prod.log
N01	r5	solvL3	3	.44 .41	미계산(회차별 평균 저장 안 됨)	0.41	0.507034–1	271 261	없음	1249 (odd 625·even 624)	1	qsar/data/fep_m1/pass1/N01_solv_L3_r5/w00/prod.log
N01	회차 평균(nrep=3)	solvL3	3	0.4233 0.4	미계산	0.39999999999999997	0.507034–1	미계산	미계산	1249	—	final_report_20260921/replex.json per_leg (쌍별 값을 회차에 걸쳐 평균한 저장값)
N02	r1	cplxL1	7	.35 .27 .39 .44 .40 .38	미계산(회차별 평균 저장 안 됨)	0.27	0.186049–0.399611	224 175 242 276 244 242	없음	1249 (odd 625·even 624)	1	qsar/data/fep_m1/pass1/N02_cplx_L1_r1/w00/prod.log
N02	r2	cplxL1	7	.22 .33 .39 .45 .39 .38	미계산(회차별 평균 저장 안 됨)	0.22	0–0.186049	137 199 234 276 256 234	없음	1249 (odd 625·even 624)	1	qsar/data/fep_m1/pass1/N02_cplx_L1_r2/w00/prod.log
N02	r3	cplxL1	7	.34 .33 .39 .34 .42 .37	미계산(회차별 평균 저장 안 됨)	0.33	0.186049–0.399611	217 206 248 206 261 225	없음	1249 (odd 625·even 624)	1	qsar/data/fep_m1/pass1/N02_cplx_L1_r3/w00/prod.log
N02	r4	cplxL1	7	.29 .30 .39 .41 .37 .33	미계산(회차별 평균 저장 안 됨)	0.29	0–0.186049	173 194 244 259 233 205	없음	1249 (odd 625·even 624)	1	qsar/data/fep_m1/pass1/N02_cplx_L1_r4/w00/prod.log
N02	r5	cplxL1	7	.26 .32 .44 .51 .39 .34	미계산(회차별 평균 저장 안 됨)	0.26	0–0.186049	169 204 279 323 227 218	없음	1249 (odd 625·even 624)	1	qsar/data/fep_m1/pass1/N02_cplx_L1_r5/w00/prod.log
N02	회차 평균(nrep=5)	cplxL1	7	0.292 0.31 0.4 0.43 0.394 0.36	미계산	0.292	0–0.186049	미계산	미계산	1249	—	final_report_20260921/replex.json per_leg (쌍별 값을 회차에 걸쳐 평균한 저장값)
N02	r1	cplxL2	14	.39 .39 .34 .40 .42 .41 .41 .41 .47 .47 .41 .44 .41	미계산(회차별 평균 저장 안 됨)	0.34	0.189258–0.290829	247 237 192 248 264 254 256 259 286 301 250 270 262	없음	1249 (odd 625·even 624)	1	qsar/data/fep_m1/pass1/N02_cplx_L2_r1/w00/prod.log
N02	r2	cplxL2	14	.37 .40 .39 .42 .43 .43 .38 .40 .44 .41 .44 .40 .39	미계산(회차별 평균 저장 안 됨)	0.37	0–0.093166	238 256 232 271 275 261 248 256 268 262 266 260 231	없음	1249 (odd 625·even 624)	1	qsar/data/fep_m1/pass1/N02_cplx_L2_r2/w00/prod.log
N02	r3	cplxL2	14	.39 .40 .34 .39 .42 .39 .38 .40 .42 .47 .47 .39 .40	미계산(회차별 평균 저장 안 됨)	0.34	0.189258–0.290829	237 258 200 223 257 249 244 250 251 307 288 240 244	없음	1249 (odd 625·even 624)	1	qsar/data/fep_m1/pass1/N02_cplx_L2_r3/w00/prod.log
N02	r4	cplxL2	14	.38 .37 .36 .42 .42 .41 .37 .42 .42 .43 .38 .43 .38	미계산(회차별 평균 저장 안 됨)	0.36	0.189258–0.290829	234 235 220 264 264 266 222 253 265 271 243 274 236	없음	1249 (odd 625·even 624)	1	qsar/data/fep_m1/pass1/N02_cplx_L2_r4/w00/prod.log
N02	r5	cplxL2	14	.42 .39 .35 .39 .44 .45 .42 .44 .46 .48 .44 .44 .41	미계산(회차별 평균 저장 안 됨)	0.35	0.189258–0.290829	264 244 220 238 274 292 281 270 291 298 265 279 256	없음	1249 (odd 625·even 624)	1	qsar/data/fep_m1/pass1/N02_cplx_L2_r5/w00/prod.log
N02	회차 평균(nrep=5)	cplxL2	14	0.39 0.39 0.356 0.404 0.426 0.418 0.392 0.414 0.442 0.452 0.428 0.42 0.398	미계산	0.35600000000000004	0.189258–0.290829	미계산	미계산	1249	—	final_report_20260921/replex.json per_leg (쌍별 값을 회차에 걸쳐 평균한 저장값)
N02	r1	cplxL3	9	.45 .44 .41 .36 .34 .39 .44 .39	미계산(회차별 평균 저장 안 됨)	0.34	0.499099–0.639593	286 273 263 223 206 249 272 240	없음	1249 (odd 625·even 624)	1	qsar/data/fep_m1/pass1/N02_cplx_L3_r1/w00/prod.log
N02	r2	cplxL3	9	.31 .37 .38 .40 .37 .42 .38 .38	미계산(회차별 평균 저장 안 됨)	0.31	0–0.113389	182 235 237 252 233 264 236 221	없음	1249 (odd 625·even 624)	1	qsar/data/fep_m1/pass1/N02_cplx_L3_r2/w00/prod.log
N02	r3	cplxL3	9	.33 .32 .37 .39 .37 .46 .45 .44	미계산(회차별 평균 저장 안 됨)	0.32	0.113389–0.234578	215 192 244 253 243 302 278 287	없음	1249 (odd 625·even 624)	1	qsar/data/fep_m1/pass1/N02_cplx_L3_r3/w00/prod.log
N02	r4	cplxL3	9	.40 .37 .43 .46 .42 .54 .41 .35	미계산(회차별 평균 저장 안 됨)	0.35	0.877389–1	268 229 262 292 280 345 259 206	없음	1249 (odd 625·even 624)	1	qsar/data/fep_m1/pass1/N02_cplx_L3_r4/w00/prod.log
N02	r5	cplxL3	9	.33 .43 .44 .44 .42 .40 .33 .39	미계산(회차별 평균 저장 안 됨)	0.33	0–0.113389 · 0.76045–0.877389	205 258 283 277 274 255 195 236	없음	1249 (odd 625·even 624)	1	qsar/data/fep_m1/pass1/N02_cplx_L3_r5/w00/prod.log
N02	회차 평균(nrep=5)	cplxL3	9	0.364 0.386 0.406 0.41 0.384 0.442 0.402 0.39	미계산	0.36400000000000005	0–0.113389	미계산	미계산	1249	—	final_report_20260921/replex.json per_leg (쌍별 값을 회차에 걸쳐 평균한 저장값)
N02	r1	solvL1	9	.43 .36 .35 .35 .44 .49 .42 .36	미계산(회차별 평균 저장 안 됨)	0.35	0.236865–0.374492 · 0.374492–0.514686	261 224 224 196 265 307 265 223	없음	1249 (odd 625·even 624)	1	qsar/data/fep_m1/pass1/N02_solv_L1_r1/w00/prod.log
N02	r2	solvL1	9	.45 .36 .32 .34 .44 .50 .37 .34	미계산(회차별 평균 저장 안 됨)	0.32	0.236865–0.374492	290 222 192 209 275 320 217 214	없음	1249 (odd 625·even 624)	1	qsar/data/fep_m1/pass1/N02_solv_L1_r2/w00/prod.log
N02	r3	solvL1	9	.44 .34 .31 .34 .43 .50 .38 .35	미계산(회차별 평균 저장 안 됨)	0.31	0.236865–0.374492	268 207 191 216 280 313 227 206	없음	1249 (odd 625·even 624)	1	qsar/data/fep_m1/pass1/N02_solv_L1_r3/w00/prod.log
N02	r4	solvL1	9	.44 .37 .33 .34 .43 .48 .39 .35	미계산(회차별 평균 저장 안 됨)	0.33	0.236865–0.374492	267 221 203 206 269 308 238 217	없음	1249 (odd 625·even 624)	1	qsar/data/fep_m1/pass1/N02_solv_L1_r4/w00/prod.log
N02	r5	solvL1	9	.44 .37 .36 .34 .45 .50 .38 .37	미계산(회차별 평균 저장 안 됨)	0.34	0.374492–0.514686	275 221 217 210 305 310 261 233	없음	1249 (odd 625·even 624)	1	qsar/data/fep_m1/pass1/N02_solv_L1_r5/w00/prod.log
N02	회차 평균(nrep=5)	solvL1	9	0.44 0.36 0.334 0.342 0.438 0.494 0.388 0.354	미계산	0.33399999999999996	0.236865–0.374492	미계산	미계산	1249	—	final_report_20260921/replex.json per_leg (쌍별 값을 회차에 걸쳐 평균한 저장값)
N02	r1	solvL2	14	.39 .42 .45 .45 .45 .42 .41 .41 .44 .47 .45 .41 .42	미계산(회차별 평균 저장 안 됨)	0.39	0–0.095967	252 265 269 278 297 260 255 253 278 297 272 253 254	없음	1249 (odd 625·even 624)	1	qsar/data/fep_m1/pass1/N02_solv_L2_r1/w00/prod.log
N02	r2	solvL2	14	.41 .41 .49 .47 .44 .41 .38 .42 .44 .45 .43 .43 .38	미계산(회차별 평균 저장 안 됨)	0.38	0.498932–0.574415 · 0.927004–1	247 256 294 301 284 263 231 248 277 292 285 275 236	없음	1249 (odd 625·even 624)	1	qsar/data/fep_m1/pass1/N02_solv_L2_r2/w00/prod.log
N02	r3	solvL2	14	.39 .45 .45 .45 .45 .42 .39 .38 .44 .43 .40 .39 .38	미계산(회차별 평균 저장 안 됨)	0.38	0.574415–0.648657 · 0.927004–1	245 279 291 292 268 260 257 237 279 262 248 250 235	없음	1249 (odd 625·even 624)	1	qsar/data/fep_m1/pass1/N02_solv_L2_r3/w00/prod.log
N02	r4	solvL2	14	.43 .47 .49 .44 .43 .42 .40 .40 .45 .45 .45 .43 .40	미계산(회차별 평균 저장 안 됨)	0.40	0.498932–0.574415 · 0.574415–0.648657 · 0.927004–1	275 312 318 275 273 265 255 264 261 283 283 262 251	없음	1249 (odd 625·even 624)	1	qsar/data/fep_m1/pass1/N02_solv_L2_r4/w00/prod.log
N02	r5	solvL2	14	.43 .43 .47 .45 .45 .42 .41 .39 .45 .47 .44 .41 .39	미계산(회차별 평균 저장 안 됨)	0.39	0.574415–0.648657 · 0.927004–1	283 274 298 272 280 262 257 238 279 283 266 261 245	없음	1249 (odd 625·even 624)	1	qsar/data/fep_m1/pass1/N02_solv_L2_r5/w00/prod.log
N02	회차 평균(nrep=5)	solvL2	14	0.41 0.436 0.47 0.452 0.444 0.418 0.398 0.4 0.444 0.454 0.434 0.414 0.394	미계산	0.394	0.927004–1	미계산	미계산	1249	—	final_report_20260921/replex.json per_leg (쌍별 값을 회차에 걸쳐 평균한 저장값)
N02	r1	solvL3	10	.43 .45 .42 .43 .43 .36 .40 .37 .39	미계산(회차별 평균 저장 안 됨)	0.36	0.512835–0.641792	263 292 254 282 280 219 266 214 235	없음	1249 (odd 625·even 624)	1	qsar/data/fep_m1/pass1/N02_solv_L3_r1/w00/prod.log
N02	r2	solvL3	10	.40 .45 .43 .45 .45 .34 .40 .38 .37	미계산(회차별 평균 저장 안 됨)	0.34	0.512835–0.641792	258 277 255 281 280 221 252 234 242	없음	1249 (odd 625·even 624)	1	qsar/data/fep_m1/pass1/N02_solv_L3_r2/w00/prod.log
N02	r3	solvL3	10	.44 .45 .43 .47 .44 .38 .38 .38 .39	미계산(회차별 평균 저장 안 됨)	0.38	0.512835–0.641792 · 0.641792–0.765083 · 0.765083–0.884141	282 273 269 284 273 227 241 233 242	없음	1249 (odd 625·even 624)	1	qsar/data/fep_m1/pass1/N02_solv_L3_r3/w00/prod.log
N02	r4	solvL3	10	.43 .43 .40 .43 .42 .35 .36 .37 .37	미계산(회차별 평균 저장 안 됨)	0.35	0.512835–0.641792	278 279 261 266 265 208 224 230 232	없음	1249 (odd 625·even 624)	1	qsar/data/fep_m1/pass1/N02_solv_L3_r4/w00/prod.log
N02	r5	solvL3	10	.42 .43 .42 .46 .45 .39 .37 .38 .37	미계산(회차별 평균 저장 안 됨)	0.37	0.641792–0.765083 · 0.884141–1	247 273 273 281 279 232 231 239 229	없음	1249 (odd 625·even 624)	1	qsar/data/fep_m1/pass1/N02_solv_L3_r5/w00/prod.log
N02	회차 평균(nrep=5)	solvL3	10	0.424 0.442 0.42 0.448 0.438 0.364 0.382 0.376 0.378	미계산	0.36400000000000005	0.512835–0.641792	미계산	미계산	1249	—	final_report_20260921/replex.json per_leg (쌍별 값을 회차에 걸쳐 평균한 저장값)
N03	r1	cplxL1	5	.25 .33 .52 .20	미계산(회차별 평균 저장 안 됨)	0.20	0.736412–1	157 215 324 131	없음	1249 (odd 625·even 624)	1	qsar/data/fep_m1/pass1/N03_cplx_L1_r1/w00/prod.log
N03	r2	cplxL1	5	.10 .50 .48 .28	미계산(회차별 평균 저장 안 됨)	0.10	0–0.285073	58 305 309 170	없음	1249 (odd 625·even 624)	1	qsar/data/fep_m1/pass1/N03_cplx_L1_r2/w00/prod.log
N03	r3	cplxL1	5	.12 .44 .52 .35	미계산(회차별 평균 저장 안 됨)	0.12	0–0.285073	77 279 337 216	없음	1249 (odd 625·even 624)	1	qsar/data/fep_m1/pass1/N03_cplx_L1_r3/w00/prod.log
N03	r4	cplxL1	5	.11 .44 .49 .30	미계산(회차별 평균 저장 안 됨)	0.11	0–0.285073	64 270 292 189	없음	1249 (odd 625·even 624)	1	qsar/data/fep_m1/pass1/N03_cplx_L1_r4/w00/prod.log
N03	r5	cplxL1	5	.22 .58 .55 .33	미계산(회차별 평균 저장 안 됨)	0.22	0–0.285073	131 367 326 212	없음	1249 (odd 625·even 624)	1	qsar/data/fep_m1/pass1/N03_cplx_L1_r5/w00/prod.log
N03	회차 평균(nrep=5)	cplxL1	5	0.16 0.458 0.512 0.292	미계산	0.15999999999999998	0–0.285073	미계산	미계산	1249	—	final_report_20260921/replex.json per_leg (쌍별 값을 회차에 걸쳐 평균한 저장값)
N03	r1	cplxL2	11	.35 .38 .35 .32 .35 .42 .37 .33 .38 .40	미계산(회차별 평균 저장 안 됨)	0.32	0.295244–0.396174	233 235 227 198 229 265 238 197 229 261	없음	1249 (odd 625·even 624)	1	qsar/data/fep_m1/pass1/N03_cplx_L2_r1/w00/prod.log
N03	r2	cplxL2	11	.34 .33 .35 .38 .37 .38 .38 .34 .35 .39	미계산(회차별 평균 저장 안 됨)	0.33	0.096201–0.19451	214 203 210 248 241 228 229 203 223 228	없음	1249 (odd 625·even 624)	1	qsar/data/fep_m1/pass1/N03_cplx_L2_r2/w00/prod.log
N03	r3	cplxL2	11	.34 .34 .33 .35 .32 .38 .35 .31 .37 .38	미계산(회차별 평균 저장 안 됨)	0.31	0.685901–0.799103	212 204 212 225 192 230 222 194 221 246	없음	1249 (odd 625·even 624)	1	qsar/data/fep_m1/pass1/N03_cplx_L2_r3/w00/prod.log
N03	r4	cplxL2	11	.35 .34 .33 .35 .35 .38 .36 .26 .32 .35	미계산(회차별 평균 저장 안 됨)	0.26	0.685901–0.799103	213 217 205 229 219 240 220 159 198 228	없음	1249 (odd 625·even 624)	1	qsar/data/fep_m1/pass1/N03_cplx_L2_r4/w00/prod.log
N03	r5	cplxL2	11	.34 .32 .33 .34 .36 .41 .38 .27 .36 .38	미계산(회차별 평균 저장 안 됨)	0.27	0.685901–0.799103	214 198 203 229 222 263 239 158 236 226	없음	1249 (odd 625·even 624)	1	qsar/data/fep_m1/pass1/N03_cplx_L2_r5/w00/prod.log
N03	회차 평균(nrep=5)	cplxL2	11	0.344 0.342 0.338 0.348 0.35 0.394 0.368 0.302 0.356 0.38	미계산	0.302	0.685901–0.799103	미계산	미계산	1249	—	final_report_20260921/replex.json per_leg (쌍별 값을 회차에 걸쳐 평균한 저장값)
N03	r1	cplxL3	4	.46 .61 .50	미계산(회차별 평균 저장 안 됨)	0.46	0–0.385114	306 381 302	없음	1249 (odd 625·even 624)	1	qsar/data/fep_m1/pass1/N03_cplx_L3_r1/w00/prod.log
N03	r2	cplxL3	4	.42 .59 .59	미계산(회차별 평균 저장 안 됨)	0.42	0–0.385114	271 358 374	없음	1249 (odd 625·even 624)	1	qsar/data/fep_m1/pass1/N03_cplx_L3_r2/w00/prod.log
N03	r3	cplxL3	4	.30 .54 .45	미계산(회차별 평균 저장 안 됨)	0.30	0–0.385114	190 339 276	없음	1249 (odd 625·even 624)	1	qsar/data/fep_m1/pass1/N03_cplx_L3_r3/w00/prod.log
N03	r4	cplxL3	4	.41 .57 .50	미계산(회차별 평균 저장 안 됨)	0.41	0–0.385114	263 364 312	없음	1249 (odd 625·even 624)	1	qsar/data/fep_m1/pass1/N03_cplx_L3_r4/w00/prod.log
N03	r5	cplxL3	4	.42 .59 .55	미계산(회차별 평균 저장 안 됨)	0.42	0–0.385114	252 357 349	없음	1249 (odd 625·even 624)	1	qsar/data/fep_m1/pass1/N03_cplx_L3_r5/w00/prod.log
N03	회차 평균(nrep=5)	cplxL3	4	0.402 0.58 0.518	미계산	0.40199999999999997	0–0.385114	미계산	미계산	1249	—	final_report_20260921/replex.json per_leg (쌍별 값을 회차에 걸쳐 평균한 저장값)
N03	r1	solvL1	7	.44 .42 .47 .47 .44 .47	미계산(회차별 평균 저장 안 됨)	0.42	0.143598–0.304774	277 268 297 296 289 292	없음	1249 (odd 625·even 624)	1	qsar/data/fep_m1/pass1/N03_solv_L1_r1/w00/prod.log
N03	r2	solvL1	7	.47 .42 .47 .50 .46 .42	미계산(회차별 평균 저장 안 됨)	0.42	0.143598–0.304774 · 0.852662–1	313 256 289 305 281 246	없음	1249 (odd 625·even 624)	1	qsar/data/fep_m1/pass1/N03_solv_L1_r2/w00/prod.log
N03	r3	solvL1	7	.41 .45 .46 .47 .47 .44	미계산(회차별 평균 저장 안 됨)	0.41	0–0.143598	254 265 286 293 292 281	없음	1249 (odd 625·even 624)	1	qsar/data/fep_m1/pass1/N03_solv_L1_r3/w00/prod.log
N03	r4	solvL1	7	.45 .44 .49 .48 .45 .43	미계산(회차별 평균 저장 안 됨)	0.43	0.852662–1	283 285 314 295 271 261	없음	1249 (odd 625·even 624)	1	qsar/data/fep_m1/pass1/N03_solv_L1_r4/w00/prod.log
N03	r5	solvL1	7	.43 .43 .50 .49 .44 .44	미계산(회차별 평균 저장 안 됨)	0.43	0–0.143598 · 0.143598–0.304774	262 260 306 298 285 264	없음	1249 (odd 625·even 624)	1	qsar/data/fep_m1/pass1/N03_solv_L1_r5/w00/prod.log
N03	회차 평균(nrep=5)	solvL1	7	0.44 0.432 0.478 0.482 0.452 0.44	미계산	0.43200000000000005	0.143598–0.304774	미계산	미계산	1249	—	final_report_20260921/replex.json per_leg (쌍별 값을 회차에 걸쳐 평균한 저장값)
N03	r1	solvL2	12	.38 .38 .39 .41 .35 .39 .45 .45 .47 .40 .34	미계산(회차별 평균 저장 안 됨)	0.34	0.884895–1	238 235 241 245 231 250 274 274 287 254 211	없음	1249 (odd 625·even 624)	1	qsar/data/fep_m1/pass1/N03_solv_L2_r1/w00/prod.log
N03	r2	solvL2	12	.40 .41 .39 .36 .38 .40 .44 .41 .44 .42 .37	미계산(회차별 평균 저장 안 됨)	0.36	0.272192–0.363615	248 254 244 214 237 242 280 250 283 260 240	없음	1249 (odd 625·even 624)	1	qsar/data/fep_m1/pass1/N03_solv_L2_r2/w00/prod.log
N03	r3	solvL2	12	.37 .38 .37 .39 .38 .39 .40 .43 .48 .39 .32	미계산(회차별 평균 저장 안 됨)	0.32	0.884895–1	229 237 224 257 242 246 245 255 293 258 206	없음	1249 (odd 625·even 624)	1	qsar/data/fep_m1/pass1/N03_solv_L2_r3/w00/prod.log
N03	r4	solvL2	12	.41 .41 .38 .38 .36 .39 .45 .42 .47 .39 .34	미계산(회차별 평균 저장 안 됨)	0.34	0.884895–1	256 243 242 253 225 249 296 274 302 242 207	없음	1249 (odd 625·even 624)	1	qsar/data/fep_m1/pass1/N03_solv_L2_r4/w00/prod.log
N03	r5	solvL2	12	.38 .37 .37 .36 .37 .41 .39 .45 .46 .41 .34	미계산(회차별 평균 저장 안 됨)	0.34	0.884895–1	243 238 236 227 245 263 256 285 294 256 218	없음	1249 (odd 625·even 624)	1	qsar/data/fep_m1/pass1/N03_solv_L2_r5/w00/prod.log
N03	회차 평균(nrep=5)	solvL2	12	0.388 0.39 0.38 0.38 0.368 0.396 0.426 0.432 0.464 0.402 0.342	미계산	0.342	0.884895–1	미계산	미계산	1249	—	final_report_20260921/replex.json per_leg (쌍별 값을 회차에 걸쳐 평균한 저장값)
N03	r1	solvL3	5	.41 .40 .40 .42	미계산(회차별 평균 저장 안 됨)	0.40	0.285222–0.546655 · 0.546655–0.790048	269 274 242 240	없음	1249 (odd 625·even 624)	1	qsar/data/fep_m1/pass1/N03_solv_L3_r1/w00/prod.log
N03	r2	solvL3	5	.39 .43 .37 .39	미계산(회차별 평균 저장 안 됨)	0.37	0.546655–0.790048	237 268 241 245	없음	1249 (odd 625·even 624)	1	qsar/data/fep_m1/pass1/N03_solv_L3_r2/w00/prod.log
N03	r3	solvL3	5	.39 .40 .40 .36	미계산(회차별 평균 저장 안 됨)	0.36	0.790048–1	243 258 251 226	없음	1249 (odd 625·even 624)	1	qsar/data/fep_m1/pass1/N03_solv_L3_r3/w00/prod.log
N03	r4	solvL3	5	.38 .39 .38 .37	미계산(회차별 평균 저장 안 됨)	0.37	0.790048–1	237 249 237 221	없음	1249 (odd 625·even 624)	1	qsar/data/fep_m1/pass1/N03_solv_L3_r4/w00/prod.log
N03	r5	solvL3	5	.37 .44 .40 .35	미계산(회차별 평균 저장 안 됨)	0.35	0.790048–1	225 272 244 202	없음	1249 (odd 625·even 624)	1	qsar/data/fep_m1/pass1/N03_solv_L3_r5/w00/prod.log
N03	회차 평균(nrep=5)	solvL3	5	0.388 0.412 0.39 0.378	미계산	0.378	0.790048–1	미계산	미계산	1249	—	final_report_20260921/replex.json per_leg (쌍별 값을 회차에 걸쳐 평균한 저장값)
N04	r1	cplxL1	4	.50 .54 .39	미계산(회차별 평균 저장 안 됨)	0.39	0.705116–1	314 344 251	없음	1249 (odd 625·even 624)	1	qsar/data/fep_m1/pass1/N04_cplx_L1_r1/w00/prod.log
N04	r2	cplxL1	4	.43 .48 .25	미계산(회차별 평균 저장 안 됨)	0.25	0.705116–1	263 299 154	없음	1249 (odd 625·even 624)	1	qsar/data/fep_m1/pass1/N04_cplx_L1_r2/w00/prod.log
N04	r3	cplxL1	4	.46 .48 .39	미계산(회차별 평균 저장 안 됨)	0.39	0.705116–1	295 290 237	없음	1249 (odd 625·even 624)	1	qsar/data/fep_m1/pass1/N04_cplx_L1_r3/w00/prod.log
N04	r4	cplxL1	4	.45 .40 .24	미계산(회차별 평균 저장 안 됨)	0.24	0.705116–1	283 243 150	없음	1249 (odd 625·even 624)	1	qsar/data/fep_m1/pass1/N04_cplx_L1_r4/w00/prod.log
N04	r5	cplxL1	4	.20 .44 .23	미계산(회차별 평균 저장 안 됨)	0.20	0–0.367261	133 262 137	없음	1249 (odd 625·even 624)	1	qsar/data/fep_m1/pass1/N04_cplx_L1_r5/w00/prod.log
N04	회차 평균(nrep=5)	cplxL1	4	0.408 0.468 0.3	미계산	0.3	0.705116–1	미계산	미계산	1249	—	final_report_20260921/replex.json per_leg (쌍별 값을 회차에 걸쳐 평균한 저장값)
N04	r1	cplxL2	7	.32 .59 .66 .64 .55 .49	미계산(회차별 평균 저장 안 됨)	0.32	0–0.394554	203 364 406 415 348 314	없음	1249 (odd 625·even 624)	1	qsar/data/fep_m1/pass1/N04_cplx_L2_r1/w00/prod.log
N04	r2	cplxL2	7	.23 .35 .58 .61 .54 .45	미계산(회차별 평균 저장 안 됨)	0.23	0–0.394554	144 216 359 391 338 282	없음	1249 (odd 625·even 624)	1	qsar/data/fep_m1/pass1/N04_cplx_L2_r2/w00/prod.log
N04	r3	cplxL2	7	.21 .42 .57 .55 .48 .42	미계산(회차별 평균 저장 안 됨)	0.21	0–0.394554	132 279 367 325 294 269	없음	1249 (odd 625·even 624)	1	qsar/data/fep_m1/pass1/N04_cplx_L2_r3/w00/prod.log
N04	r4	cplxL2	7	.17 .46 .63 .65 .56 .44	미계산(회차별 평균 저장 안 됨)	0.17	0–0.394554	98 275 394 398 350 282	없음	1249 (odd 625·even 624)	1	qsar/data/fep_m1/pass1/N04_cplx_L2_r4/w00/prod.log
N04	r5	cplxL2	7	.30 .63 .67 .63 .56 .46	미계산(회차별 평균 저장 안 됨)	0.30	0–0.394554	192 400 412 374 342 293	없음	1249 (odd 625·even 624)	1	qsar/data/fep_m1/pass1/N04_cplx_L2_r5/w00/prod.log
N04	회차 평균(nrep=5)	cplxL2	7	0.246 0.49 0.622 0.616 0.538 0.452	미계산	0.246	0–0.394554	미계산	미계산	1249	—	final_report_20260921/replex.json per_leg (쌍별 값을 회차에 걸쳐 평균한 저장값)
N04	r1	cplxL3	4	.55 .51 .59	미계산(회차별 평균 저장 안 됨)	0.51	0.324693–0.686508	352 336 372	없음	1249 (odd 625·even 624)	1	qsar/data/fep_m1/pass1/N04_cplx_L3_r1/w00/prod.log
N04	r2	cplxL3	4	.58 .62 .65	미계산(회차별 평균 저장 안 됨)	0.58	0–0.324693	358 386 419	없음	1249 (odd 625·even 624)	1	qsar/data/fep_m1/pass1/N04_cplx_L3_r2/w00/prod.log
N04	r3	cplxL3	4	.57 .47 .56	미계산(회차별 평균 저장 안 됨)	0.47	0.324693–0.686508	339 296 362	없음	1249 (odd 625·even 624)	1	qsar/data/fep_m1/pass1/N04_cplx_L3_r3/w00/prod.log
N04	r4	cplxL3	4	.49 .45 .52	미계산(회차별 평균 저장 안 됨)	0.45	0.324693–0.686508	311 293 338	없음	1249 (odd 625·even 624)	1	qsar/data/fep_m1/pass1/N04_cplx_L3_r4/w00/prod.log
N04	r5	cplxL3	4	.57 .52 .59	미계산(회차별 평균 저장 안 됨)	0.52	0.324693–0.686508	363 335 373	없음	1249 (odd 625·even 624)	1	qsar/data/fep_m1/pass1/N04_cplx_L3_r5/w00/prod.log
N04	회차 평균(nrep=5)	cplxL3	4	0.552 0.514 0.582	미계산	0.514	0.324693–0.686508	미계산	미계산	1249	—	final_report_20260921/replex.json per_leg (쌍별 값을 회차에 걸쳐 평균한 저장값)
N04	r1	solvL1	6	.38 .43 .37 .48 .48	미계산(회차별 평균 저장 안 됨)	0.37	0.395045–0.650565	241 258 234 303 307	없음	1249 (odd 625·even 624)	1	qsar/data/fep_m1/pass1/N04_solv_L1_r1/w00/prod.log
N04	r2	solvL1	6	.41 .43 .36 .46 .47	미계산(회차별 평균 저장 안 됨)	0.36	0.395045–0.650565	263 266 222 284 305	없음	1249 (odd 625·even 624)	1	qsar/data/fep_m1/pass1/N04_solv_L1_r2/w00/prod.log
N04	r3	solvL1	6	.41 .40 .39 .44 .47	미계산(회차별 평균 저장 안 됨)	0.39	0.395045–0.650565	246 246 253 275 283	없음	1249 (odd 625·even 624)	1	qsar/data/fep_m1/pass1/N04_solv_L1_r3/w00/prod.log
N04	r4	solvL1	6	.42 .42 .34 .43 .50	미계산(회차별 평균 저장 안 됨)	0.34	0.395045–0.650565	262 245 210 266 309	없음	1249 (odd 625·even 624)	1	qsar/data/fep_m1/pass1/N04_solv_L1_r4/w00/prod.log
N04	r5	solvL1	6	.38 .45 .33 .44 .48	미계산(회차별 평균 저장 안 됨)	0.33	0.395045–0.650565	238 287 206 277 304	없음	1249 (odd 625·even 624)	1	qsar/data/fep_m1/pass1/N04_solv_L1_r5/w00/prod.log
N04	회차 평균(nrep=5)	solvL1	6	0.4 0.426 0.358 0.45 0.48	미계산	0.35800000000000004	0.395045–0.650565	미계산	미계산	1249	—	final_report_20260921/replex.json per_leg (쌍별 값을 회차에 걸쳐 평균한 저장값)
N04	r1	solvL2	6	.39 .46 .47 .44 .42	미계산(회차별 평균 저장 안 됨)	0.39	0–0.345125	257 295 292 271 258	없음	1249 (odd 625·even 624)	1	qsar/data/fep_m1/pass1/N04_solv_L2_r1/w00/prod.log
N04	r2	solvL2	6	.39 .47 .42 .46 .41	미계산(회차별 평균 저장 안 됨)	0.39	0–0.345125	240 288 271 301 264	없음	1249 (odd 625·even 624)	1	qsar/data/fep_m1/pass1/N04_solv_L2_r2/w00/prod.log
N04	r3	solvL2	6	.35 .35 .35 .45 .41	미계산(회차별 평균 저장 안 됨)	0.35	0–0.345125 · 0.345125–0.509642 · 0.509642–0.689198	221 215 213 280 267	없음	1249 (odd 625·even 624)	1	qsar/data/fep_m1/pass1/N04_solv_L2_r3/w00/prod.log
N04	r4	solvL2	6	.39 .46 .47 .47 .41	미계산(회차별 평균 저장 안 됨)	0.39	0–0.345125	242 285 274 290 254	없음	1249 (odd 625·even 624)	1	qsar/data/fep_m1/pass1/N04_solv_L2_r4/w00/prod.log
N04	r5	solvL2	6	.42 .46 .41 .46 .44	미계산(회차별 평균 저장 안 됨)	0.41	0.509642–0.689198	262 289 271 291 282	없음	1249 (odd 625·even 624)	1	qsar/data/fep_m1/pass1/N04_solv_L2_r5/w00/prod.log
N04	회차 평균(nrep=5)	solvL2	6	0.388 0.44 0.424 0.456 0.418	미계산	0.388	0–0.345125	미계산	미계산	1249	—	final_report_20260921/replex.json per_leg (쌍별 값을 회차에 걸쳐 평균한 저장값)
N04	r1	solvL3	4	.47 .44 .51	미계산(회차별 평균 저장 안 됨)	0.44	0.330583–0.677219	294 274 320	없음	1249 (odd 625·even 624)	1	qsar/data/fep_m1/pass1/N04_solv_L3_r1/w00/prod.log
N04	r2	solvL3	4	.47 .48 .50	미계산(회차별 평균 저장 안 됨)	0.47	0–0.330583	307 302 323	없음	1249 (odd 625·even 624)	1	qsar/data/fep_m1/pass1/N04_solv_L3_r2/w00/prod.log
N04	r3	solvL3	4	.47 .45 .49	미계산(회차별 평균 저장 안 됨)	0.45	0.330583–0.677219	279 280 312	없음	1249 (odd 625·even 624)	1	qsar/data/fep_m1/pass1/N04_solv_L3_r3/w00/prod.log
N04	r4	solvL3	4	.49 .48 .53	미계산(회차별 평균 저장 안 됨)	0.48	0.330583–0.677219	320 300 339	없음	1249 (odd 625·even 624)	1	qsar/data/fep_m1/pass1/N04_solv_L3_r4/w00/prod.log
N04	r5	solvL3	4	.48 .48 .51	미계산(회차별 평균 저장 안 됨)	0.48	0–0.330583 · 0.330583–0.677219	284 287 339	없음	1249 (odd 625·even 624)	1	qsar/data/fep_m1/pass1/N04_solv_L3_r5/w00/prod.log
N04	회차 평균(nrep=5)	solvL3	4	0.476 0.466 0.508	미계산	0.466	0.330583–0.677219	미계산	미계산	1249	—	final_report_20260921/replex.json per_leg (쌍별 값을 회차에 걸쳐 평균한 저장값)
N05	r1	cplxL1	4	.56 .36 .51	미계산(회차별 평균 저장 안 됨)	0.36	0.2455–0.689307	346 217 319	없음	1249 (odd 625·even 624)	1	qsar/data/fep_m1/pass1/N05_cplx_L1_r1/w00/prod.log
N05	r2	cplxL1	4	.60 .38 .41	미계산(회차별 평균 저장 안 됨)	0.38	0.2455–0.689307	381 234 254	없음	1249 (odd 625·even 624)	1	qsar/data/fep_m1/pass1/N05_cplx_L1_r2/w00/prod.log
N05	r3	cplxL1	4	.71 .48 .44	미계산(회차별 평균 저장 안 됨)	0.44	0.689307–1	450 291 270	없음	1249 (odd 625·even 624)	1	qsar/data/fep_m1/pass1/N05_cplx_L1_r3/w00/prod.log
N05	r4	cplxL1	4	.57 .46 .35	미계산(회차별 평균 저장 안 됨)	0.35	0.689307–1	351 286 211	없음	1249 (odd 625·even 624)	1	qsar/data/fep_m1/pass1/N05_cplx_L1_r4/w00/prod.log
N05	r5	cplxL1	4	.65 .40 .39	미계산(회차별 평균 저장 안 됨)	0.39	0.689307–1	412 264 263	없음	1249 (odd 625·even 624)	1	qsar/data/fep_m1/pass1/N05_cplx_L1_r5/w00/prod.log
N05	회차 평균(nrep=5)	cplxL1	4	0.618 0.416 0.42	미계산	0.41600000000000004	0.2455–0.689307	미계산	미계산	1249	—	final_report_20260921/replex.json per_leg (쌍별 값을 회차에 걸쳐 평균한 저장값)
N05	r1	cplxL2	10	.47 .46 .49 .48 .49 .55 .62 .57 .58	미계산(회차별 평균 저장 안 됨)	0.46	0.138738–0.281458	309 279 306 299 308 350 375 355 363	없음	1249 (odd 625·even 624)	1	qsar/data/fep_m1/pass1/N05_cplx_L2_r1/w00/prod.log
N05	r2	cplxL2	10	.55 .51 .48 .44 .50 .59 .57 .55 .57	미계산(회차별 평균 저장 안 됨)	0.44	0.421474–0.550619	360 298 298 276 308 367 364 346 358	없음	1249 (odd 625·even 624)	1	qsar/data/fep_m1/pass1/N05_cplx_L2_r2/w00/prod.log
N05	r3	cplxL2	10	.51 .50 .45 .43 .43 .52 .54 .55 .57	미계산(회차별 평균 저장 안 됨)	0.43	0.421474–0.550619 · 0.550619–0.664009	313 303 291 275 276 324 347 346 353	없음	1249 (odd 625·even 624)	1	qsar/data/fep_m1/pass1/N05_cplx_L2_r3/w00/prod.log
N05	r4	cplxL2	10	.52 .45 .44 .40 .50 .57 .59 .60 .58	미계산(회차별 평균 저장 안 됨)	0.40	0.421474–0.550619	336 287 272 254 303 366 366 377 354	없음	1249 (odd 625·even 624)	1	qsar/data/fep_m1/pass1/N05_cplx_L2_r4/w00/prod.log
N05	r5	cplxL2	10	.57 .42 .39 .43 .51 .57 .59 .57 .57	미계산(회차별 평균 저장 안 됨)	0.39	0.281458–0.421474	353 275 243 276 322 363 372 355 352	없음	1249 (odd 625·even 624)	1	qsar/data/fep_m1/pass1/N05_cplx_L2_r5/w00/prod.log
N05	회차 평균(nrep=5)	cplxL2	10	0.524 0.468 0.45 0.436 0.486 0.56 0.582 0.568 0.574	미계산	0.43600000000000005	0.421474–0.550619	미계산	미계산	1249	—	final_report_20260921/replex.json per_leg (쌍별 값을 회차에 걸쳐 평균한 저장값)
N05	r1	cplxL3	5	.34 .37 .42 .39	미계산(회차별 평균 저장 안 됨)	0.34	0–0.30808	221 242 284 234	없음	1249 (odd 625·even 624)	1	qsar/data/fep_m1/pass1/N05_cplx_L3_r1/w00/prod.log
N05	r2	cplxL3	5	.26 .35 .47 .49	미계산(회차별 평균 저장 안 됨)	0.26	0–0.30808	150 210 288 296	없음	1249 (odd 625·even 624)	1	qsar/data/fep_m1/pass1/N05_cplx_L3_r2/w00/prod.log
N05	r3	cplxL3	5	.32 .33 .47 .45	미계산(회차별 평균 저장 안 됨)	0.32	0–0.30808	207 202 295 277	없음	1249 (odd 625·even 624)	1	qsar/data/fep_m1/pass1/N05_cplx_L3_r3/w00/prod.log
N05	r4	cplxL3	5	.33 .33 .45 .45	미계산(회차별 평균 저장 안 됨)	0.33	0–0.30808 · 0.30808–0.596341	205 214 292 285	없음	1249 (odd 625·even 624)	1	qsar/data/fep_m1/pass1/N05_cplx_L3_r4/w00/prod.log
N05	r5	cplxL3	5	.24 .33 .40 .44	미계산(회차별 평균 저장 안 됨)	0.24	0–0.30808	153 207 254 268	없음	1249 (odd 625·even 624)	1	qsar/data/fep_m1/pass1/N05_cplx_L3_r5/w00/prod.log
N05	회차 평균(nrep=5)	cplxL3	5	0.298 0.342 0.442 0.444	미계산	0.29800000000000004	0–0.30808	미계산	미계산	1249	—	final_report_20260921/replex.json per_leg (쌍별 값을 회차에 걸쳐 평균한 저장값)
N05	r1	solvL1	5	.38 .35 .41 .43	미계산(회차별 평균 저장 안 됨)	0.35	0.214784–0.473667	239 210 257 259	없음	1249 (odd 625·even 624)	1	qsar/data/fep_m1/pass1/N05_solv_L1_r1/w00/prod.log
N05	r2	solvL1	5	.37 .38 .40 .39	미계산(회차별 평균 저장 안 됨)	0.37	0–0.214784	228 241 254 247	없음	1249 (odd 625·even 624)	1	qsar/data/fep_m1/pass1/N05_solv_L1_r2/w00/prod.log
N05	r3	solvL1	5	.40 .34 .41 .41	미계산(회차별 평균 저장 안 됨)	0.34	0.214784–0.473667	247 222 249 260	없음	1249 (odd 625·even 624)	1	qsar/data/fep_m1/pass1/N05_solv_L1_r3/w00/prod.log
N05	r4	solvL1	5	.41 .40 .40 .39	미계산(회차별 평균 저장 안 됨)	0.39	0.741972–1	267 253 251 247	없음	1249 (odd 625·even 624)	1	qsar/data/fep_m1/pass1/N05_solv_L1_r4/w00/prod.log
N05	r5	solvL1	5	.40 .40 .40 .38	미계산(회차별 평균 저장 안 됨)	0.38	0.741972–1	273 257 244 224	없음	1249 (odd 625·even 624)	1	qsar/data/fep_m1/pass1/N05_solv_L1_r5/w00/prod.log
N05	회차 평균(nrep=5)	solvL1	5	0.392 0.374 0.404 0.4	미계산	0.374	0.214784–0.473667	미계산	미계산	1249	—	final_report_20260921/replex.json per_leg (쌍별 값을 회차에 걸쳐 평균한 저장값)
N05	r1	solvL2	8	.53 .56 .46 .41 .41 .34 .42	미계산(회차별 평균 저장 안 됨)	0.34	0.706366–0.862105	326 348 291 254 256 205 275	없음	1249 (odd 625·even 624)	1	qsar/data/fep_m1/pass1/N05_solv_L2_r1/w00/prod.log
N05	r2	solvL2	8	.52 .55 .50 .41 .42 .33 .37	미계산(회차별 평균 저장 안 됨)	0.33	0.706366–0.862105	316 348 316 258 264 217 244	없음	1249 (odd 625·even 624)	1	qsar/data/fep_m1/pass1/N05_solv_L2_r2/w00/prod.log
N05	r3	solvL2	8	.57 .52 .51 .43 .44 .36 .35	미계산(회차별 평균 저장 안 됨)	0.35	0.862105–1	367 314 300 256 276 236 235	없음	1249 (odd 625·even 624)	1	qsar/data/fep_m1/pass1/N05_solv_L2_r3/w00/prod.log
N05	r4	solvL2	8	.53 .53 .50 .41 .42 .37 .42	미계산(회차별 평균 저장 안 됨)	0.37	0.706366–0.862105	338 340 325 251 260 236 261	없음	1249 (odd 625·even 624)	1	qsar/data/fep_m1/pass1/N05_solv_L2_r4/w00/prod.log
N05	r5	solvL2	8	.55 .53 .47 .42 .41 .35 .38	미계산(회차별 평균 저장 안 됨)	0.35	0.706366–0.862105	350 334 293 268 256 212 243	없음	1249 (odd 625·even 624)	1	qsar/data/fep_m1/pass1/N05_solv_L2_r5/w00/prod.log
N05	회차 평균(nrep=5)	solvL2	8	0.54 0.538 0.488 0.416 0.42 0.35 0.388	미계산	0.35	0.706366–0.862105	미계산	미계산	1249	—	final_report_20260921/replex.json per_leg (쌍별 값을 회차에 걸쳐 평균한 저장값)
N05	r1	solvL3	6	.46 .31 .39 .46 .43	미계산(회차별 평균 저장 안 됨)	0.31	0.212921–0.47126	296 197 232 278 267	없음	1249 (odd 625·even 624)	1	qsar/data/fep_m1/pass1/N05_solv_L3_r1/w00/prod.log
N05	r2	solvL3	6	.46 .31 .39 .46 .41	미계산(회차별 평균 저장 안 됨)	0.31	0.212921–0.47126	278 175 257 279 268	없음	1249 (odd 625·even 624)	1	qsar/data/fep_m1/pass1/N05_solv_L3_r2/w00/prod.log
N05	r3	solvL3	6	.44 .32 .37 .44 .39	미계산(회차별 평균 저장 안 됨)	0.32	0.212921–0.47126	277 200 222 279 250	없음	1249 (odd 625·even 624)	1	qsar/data/fep_m1/pass1/N05_solv_L3_r3/w00/prod.log
N05	r4	solvL3	6	.42 .33 .40 .45 .41	미계산(회차별 평균 저장 안 됨)	0.33	0.212921–0.47126	259 200 250 289 249	없음	1249 (odd 625·even 624)	1	qsar/data/fep_m1/pass1/N05_solv_L3_r4/w00/prod.log
N05	r5	solvL3	6	.46 .31 .41 .46 .41	미계산(회차별 평균 저장 안 됨)	0.31	0.212921–0.47126	289 199 256 281 245	없음	1249 (odd 625·even 624)	1	qsar/data/fep_m1/pass1/N05_solv_L3_r5/w00/prod.log
N05	회차 평균(nrep=5)	solvL3	6	0.448 0.316 0.392 0.454 0.41	미계산	0.316	0.212921–0.47126	미계산	미계산	1249	—	final_report_20260921/replex.json per_leg (쌍별 값을 회차에 걸쳐 평균한 저장값)
N06	r1	cplxL1	4	.45 .54 .47	미계산(회차별 평균 저장 안 됨)	0.45	0–0.412175	268 330 292	없음	1249 (odd 625·even 624)	1	qsar/data/fep_m1/pass1/N06_cplx_L1_r1/w00/prod.log
N06	r2	cplxL1	4	.54 .57 .59	미계산(회차별 평균 저장 안 됨)	0.54	0–0.412175	334 348 379	없음	1249 (odd 625·even 624)	1	qsar/data/fep_m1/pass1/N06_cplx_L1_r2/w00/prod.log
N06	r3	cplxL1	4	.38 .47 .59	미계산(회차별 평균 저장 안 됨)	0.38	0–0.412175	238 286 372	없음	1249 (odd 625·even 624)	1	qsar/data/fep_m1/pass1/N06_cplx_L1_r3/w00/prod.log
N06	r4	cplxL1	4	.58 .57 .59	미계산(회차별 평균 저장 안 됨)	0.57	0.412175–0.784457	359 364 380	없음	1249 (odd 625·even 624)	1	qsar/data/fep_m1/pass1/N06_cplx_L1_r4/w00/prod.log
N06	r5	cplxL1	4	.34 .48 .51	미계산(회차별 평균 저장 안 됨)	0.34	0–0.412175	214 300 318	없음	1249 (odd 625·even 624)	1	qsar/data/fep_m1/pass1/N06_cplx_L1_r5/w00/prod.log
N06	회차 평균(nrep=5)	cplxL1	4	0.458 0.526 0.55	미계산	0.458	0–0.412175	미계산	미계산	1249	—	final_report_20260921/replex.json per_leg (쌍별 값을 회차에 걸쳐 평균한 저장값)
N06	r1	cplxL2	6	.64 .59 .51 .52 .37	미계산(회차별 평균 저장 안 됨)	0.37	0.73997–1	389 363 300 318 234	없음	1249 (odd 625·even 624)	1	qsar/data/fep_m1/pass1/N06_cplx_L2_r1/w00/prod.log
N06	r2	cplxL2	6	.46 .47 .46 .45 .29	미계산(회차별 평균 저장 안 됨)	0.29	0.73997–1	290 282 290 276 188	없음	1249 (odd 625·even 624)	1	qsar/data/fep_m1/pass1/N06_cplx_L2_r2/w00/prod.log
N06	r3	cplxL2	6	.54 .50 .47 .57 .41	미계산(회차별 평균 저장 안 됨)	0.41	0.73997–1	330 318 283 354 254	없음	1249 (odd 625·even 624)	1	qsar/data/fep_m1/pass1/N06_cplx_L2_r3/w00/prod.log
N06	r4	cplxL2	6	.43 .38 .35 .49 .34	미계산(회차별 평균 저장 안 됨)	0.34	0.73997–1	276 243 213 299 204	없음	1249 (odd 625·even 624)	1	qsar/data/fep_m1/pass1/N06_cplx_L2_r4/w00/prod.log
N06	r5	cplxL2	6	.44 .47 .39 .43 .30	미계산(회차별 평균 저장 안 됨)	0.30	0.73997–1	271 289 242 280 179	없음	1249 (odd 625·even 624)	1	qsar/data/fep_m1/pass1/N06_cplx_L2_r5/w00/prod.log
N06	회차 평균(nrep=5)	cplxL2	6	0.502 0.482 0.436 0.492 0.342	미계산	0.34199999999999997	0.73997–1	미계산	미계산	1249	—	final_report_20260921/replex.json per_leg (쌍별 값을 회차에 걸쳐 평균한 저장값)
N06	r1	cplxL3	5	.17 .44 .36 .23	미계산(회차별 평균 저장 안 됨)	0.17	0–0.322015	112 277 226 142	없음	1249 (odd 625·even 624)	1	qsar/data/fep_m1/pass1/N06_cplx_L3_r1/w00/prod.log
N06	r2	cplxL3	5	.34 .53 .44 .25	미계산(회차별 평균 저장 안 됨)	0.25	0.755513–1	204 337 269 145	없음	1249 (odd 625·even 624)	1	qsar/data/fep_m1/pass1/N06_cplx_L3_r2/w00/prod.log
N06	r3	cplxL3	5	.24 .47 .38 .36	미계산(회차별 평균 저장 안 됨)	0.24	0–0.322015	152 300 232 225	없음	1249 (odd 625·even 624)	1	qsar/data/fep_m1/pass1/N06_cplx_L3_r3/w00/prod.log
N06	r4	cplxL3	5	.27 .45 .45 .38	미계산(회차별 평균 저장 안 됨)	0.27	0–0.322015	161 292 277 238	없음	1249 (odd 625·even 624)	1	qsar/data/fep_m1/pass1/N06_cplx_L3_r4/w00/prod.log
N06	r5	cplxL3	5	.25 .49 .44 .33	미계산(회차별 평균 저장 안 됨)	0.25	0–0.322015	155 302 281 204	없음	1249 (odd 625·even 624)	1	qsar/data/fep_m1/pass1/N06_cplx_L3_r5/w00/prod.log
N06	회차 평균(nrep=5)	cplxL3	5	0.254 0.476 0.414 0.31	미계산	0.254	0–0.322015	미계산	미계산	1249	—	final_report_20260921/replex.json per_leg (쌍별 값을 회차에 걸쳐 평균한 저장값)
N06	r1	solvL1	5	.35 .32 .43 .47	미계산(회차별 평균 저장 안 됨)	0.32	0.222434–0.506714	226 193 259 293	없음	1249 (odd 625·even 624)	1	qsar/data/fep_m1/pass1/N06_solv_L1_r1/w00/prod.log
N06	r2	solvL1	5	.32 .31 .38 .47	미계산(회차별 평균 저장 안 됨)	0.31	0.222434–0.506714	203 192 227 296	없음	1249 (odd 625·even 624)	1	qsar/data/fep_m1/pass1/N06_solv_L1_r2/w00/prod.log
N06	r3	solvL1	5	.37 .34 .40 .46	미계산(회차별 평균 저장 안 됨)	0.34	0.222434–0.506714	229 213 261 284	없음	1249 (odd 625·even 624)	1	qsar/data/fep_m1/pass1/N06_solv_L1_r3/w00/prod.log
N06	r4	solvL1	5	.37 .31 .42 .45	미계산(회차별 평균 저장 안 됨)	0.31	0.222434–0.506714	228 188 252 276	없음	1249 (odd 625·even 624)	1	qsar/data/fep_m1/pass1/N06_solv_L1_r4/w00/prod.log
N06	r5	solvL1	5	.36 .35 .42 .47	미계산(회차별 평균 저장 안 됨)	0.35	0.222434–0.506714	226 218 259 299	없음	1249 (odd 625·even 624)	1	qsar/data/fep_m1/pass1/N06_solv_L1_r5/w00/prod.log
N06	회차 평균(nrep=5)	solvL1	5	0.354 0.326 0.41 0.464	미계산	0.32599999999999996	0.222434–0.506714	미계산	미계산	1249	—	final_report_20260921/replex.json per_leg (쌍별 값을 회차에 걸쳐 평균한 저장값)
N06	r1	solvL2	7	.51 .64 .49 .59 .56 .48	미계산(회차별 평균 저장 안 됨)	0.48	0.814977–1	313 411 288 360 342 295	없음	1249 (odd 625·even 624)	1	qsar/data/fep_m1/pass1/N06_solv_L2_r1/w00/prod.log
N06	r2	solvL2	7	.52 .62 .52 .61 .52 .48	미계산(회차별 평균 저장 안 됨)	0.48	0.814977–1	326 391 319 393 321 314	없음	1249 (odd 625·even 624)	1	qsar/data/fep_m1/pass1/N06_solv_L2_r2/w00/prod.log
N06	r3	solvL2	7	.49 .60 .50 .61 .55 .51	미계산(회차별 평균 저장 안 됨)	0.49	0–0.212588	303 389 317 389 348 324	없음	1249 (odd 625·even 624)	1	qsar/data/fep_m1/pass1/N06_solv_L2_r3/w00/prod.log
N06	r4	solvL2	7	.50 .61 .50 .65 .54 .51	미계산(회차별 평균 저장 안 됨)	0.50	0–0.212588 · 0.365456–0.525027	325 372 318 408 331 322	없음	1249 (odd 625·even 624)	1	qsar/data/fep_m1/pass1/N06_solv_L2_r4/w00/prod.log
N06	r5	solvL2	7	.48 .61 .50 .62 .55 .48	미계산(회차별 평균 저장 안 됨)	0.48	0–0.212588 · 0.814977–1	301 379 303 383 363 308	없음	1249 (odd 625·even 624)	1	qsar/data/fep_m1/pass1/N06_solv_L2_r5/w00/prod.log
N06	회차 평균(nrep=5)	solvL2	7	0.5 0.616 0.502 0.616 0.544 0.492	미계산	0.492	0.814977–1	미계산	미계산	1249	—	final_report_20260921/replex.json per_leg (쌍별 값을 회차에 걸쳐 평균한 저장값)
N06	r1	solvL3	6	.25 .39 .36 .39 .30	미계산(회차별 평균 저장 안 됨)	0.25	0–0.232678	159 258 213 256 192	없음	1249 (odd 625·even 624)	1	qsar/data/fep_m1/pass1/N06_solv_L3_r1/w00/prod.log
N06	r2	solvL3	6	.26 .38 .37 .42 .32	미계산(회차별 평균 저장 안 됨)	0.26	0–0.232678	153 240 237 264 198	없음	1249 (odd 625·even 624)	1	qsar/data/fep_m1/pass1/N06_solv_L3_r2/w00/prod.log
N06	r3	solvL3	6	.28 .38 .35 .41 .31	미계산(회차별 평균 저장 안 됨)	0.28	0–0.232678	172 229 216 268 208	없음	1249 (odd 625·even 624)	1	qsar/data/fep_m1/pass1/N06_solv_L3_r3/w00/prod.log
N06	r4	solvL3	6	.27 .40 .34 .38 .32	미계산(회차별 평균 저장 안 됨)	0.27	0–0.232678	171 248 210 246 205	없음	1249 (odd 625·even 624)	1	qsar/data/fep_m1/pass1/N06_solv_L3_r4/w00/prod.log
N06	r5	solvL3	6	.25 .40 .36 .40 .30	미계산(회차별 평균 저장 안 됨)	0.25	0–0.232678	158 257 223 260 191	없음	1249 (odd 625·even 624)	1	qsar/data/fep_m1/pass1/N06_solv_L3_r5/w00/prod.log
N06	회차 평균(nrep=5)	solvL3	6	0.262 0.39 0.356 0.4 0.31	미계산	0.262	0–0.232678	미계산	미계산	1249	—	final_report_20260921/replex.json per_leg (쌍별 값을 회차에 걸쳐 평균한 저장값)
N07	r1	cplxL1	4	.29 .26 .35	미계산(회차별 평균 저장 안 됨)	0.26	0.329988–0.735695	193 162 222	없음	1249 (odd 625·even 624)	1	qsar/data/fep_m1/pass1/N07_cplx_L1_r1/w00/prod.log
N07	r2	cplxL1	4	.63 .50 .36	미계산(회차별 평균 저장 안 됨)	0.36	0.735695–1	401 293 227	없음	1249 (odd 625·even 624)	1	qsar/data/fep_m1/pass1/N07_cplx_L1_r2/w00/prod.log
N07	r3	cplxL1	4	.53 .44 .30	미계산(회차별 평균 저장 안 됨)	0.30	0.735695–1	345 270 185	없음	1249 (odd 625·even 624)	1	qsar/data/fep_m1/pass1/N07_cplx_L1_r3/w00/prod.log
N07	r4	cplxL1	4	.53 .40 .27	미계산(회차별 평균 저장 안 됨)	0.27	0.735695–1	327 252 158	없음	1249 (odd 625·even 624)	1	qsar/data/fep_m1/pass1/N07_cplx_L1_r4/w00/prod.log
N07	r5	cplxL1	4	.30 .61 .33	미계산(회차별 평균 저장 안 됨)	0.30	0–0.329988	193 384 217	없음	1249 (odd 625·even 624)	1	qsar/data/fep_m1/pass1/N07_cplx_L1_r5/w00/prod.log
N07	회차 평균(nrep=5)	cplxL1	4	0.456 0.442 0.322	미계산	0.322	0.735695–1	미계산	미계산	1249	—	final_report_20260921/replex.json per_leg (쌍별 값을 회차에 걸쳐 평균한 저장값)
N07	r1	cplxL2	9	.32 .29 .51 .59 .55 .49 .52 .55	미계산(회차별 평균 저장 안 됨)	0.29	0.270663–0.424241	201 180 330 375 349 300 335 344	없음	1249 (odd 625·even 624)	1	qsar/data/fep_m1/pass1/N07_cplx_L2_r1/w00/prod.log
N07	r2	cplxL2	9	.35 .39 .56 .59 .55 .51 .55 .56	미계산(회차별 평균 저장 안 됨)	0.35	0–0.270663	213 241 351 353 357 312 345 336	없음	1249 (odd 625·even 624)	1	qsar/data/fep_m1/pass1/N07_cplx_L2_r2/w00/prod.log
N07	r3	cplxL2	9	.33 .33 .54 .58 .56 .48 .51 .53	미계산(회차별 평균 저장 안 됨)	0.33	0–0.270663 · 0.270663–0.424241	208 216 343 345 342 287 324 325	없음	1249 (odd 625·even 624)	1	qsar/data/fep_m1/pass1/N07_cplx_L2_r3/w00/prod.log
N07	r4	cplxL2	9	.34 .30 .52 .57 .49 .46 .47 .53	미계산(회차별 평균 저장 안 됨)	0.30	0.270663–0.424241	207 181 310 363 304 274 301 332	없음	1249 (odd 625·even 624)	1	qsar/data/fep_m1/pass1/N07_cplx_L2_r4/w00/prod.log
N07	r5	cplxL2	9	.42 .21 .47 .57 .58 .52 .52 .54	미계산(회차별 평균 저장 안 됨)	0.21	0.270663–0.424241	272 130 286 357 372 323 342 334	없음	1249 (odd 625·even 624)	1	qsar/data/fep_m1/pass1/N07_cplx_L2_r5/w00/prod.log
N07	회차 평균(nrep=5)	cplxL2	9	0.352 0.304 0.52 0.58 0.546 0.492 0.514 0.542	미계산	0.304	0.270663–0.424241	미계산	미계산	1249	—	final_report_20260921/replex.json per_leg (쌍별 값을 회차에 걸쳐 평균한 저장값)
N07	r1	cplxL3	3	.37 .32	미계산(회차별 평균 저장 안 됨)	0.32	0.463276–1	240 197	없음	1249 (odd 625·even 624)	1	qsar/data/fep_m1/pass1/N07_cplx_L3_r1/w00/prod.log
N07	r2	cplxL3	3	.38 .30	미계산(회차별 평균 저장 안 됨)	0.30	0.463276–1	238 183	없음	1249 (odd 625·even 624)	1	qsar/data/fep_m1/pass1/N07_cplx_L3_r2/w00/prod.log
N07	r3	cplxL3	3	.37 .35	미계산(회차별 평균 저장 안 됨)	0.35	0.463276–1	233 224	없음	1249 (odd 625·even 624)	1	qsar/data/fep_m1/pass1/N07_cplx_L3_r3/w00/prod.log
N07	r4	cplxL3	3	.37 .29	미계산(회차별 평균 저장 안 됨)	0.29	0.463276–1	231 189	없음	1249 (odd 625·even 624)	1	qsar/data/fep_m1/pass1/N07_cplx_L3_r4/w00/prod.log
N07	r5	cplxL3	3	.31 .31	미계산(회차별 평균 저장 안 됨)	0.31	0–0.463276 · 0.463276–1	170 175	없음	1249 (odd 625·even 624)	1	qsar/data/fep_m1/pass1/N07_cplx_L3_r5/w00/prod.log
N07	회차 평균(nrep=5)	cplxL3	3	0.36 0.314	미계산	0.314	0.463276–1	미계산	미계산	1249	—	final_report_20260921/replex.json per_leg (쌍별 값을 회차에 걸쳐 평균한 저장값)
N07	r1	solvL1	7	.49 .49 .51 .54 .48 .48	미계산(회차별 평균 저장 안 됨)	0.48	0.693811–0.861001 · 0.861001–1	304 316 313 328 296 312	없음	1249 (odd 625·even 624)	1	qsar/data/fep_m1/pass1/N07_solv_L1_r1/w00/prod.log
N07	r2	solvL1	7	.47 .50 .48 .56 .52 .50	미계산(회차별 평균 저장 안 됨)	0.47	0–0.162759	312 310 292 344 338 321	없음	1249 (odd 625·even 624)	1	qsar/data/fep_m1/pass1/N07_solv_L1_r2/w00/prod.log
N07	r3	solvL1	7	.46 .50 .49 .55 .46 .48	미계산(회차별 평균 저장 안 됨)	0.46	0–0.162759 · 0.693811–0.861001	283 311 313 335 272 304	없음	1249 (odd 625·even 624)	1	qsar/data/fep_m1/pass1/N07_solv_L1_r3/w00/prod.log
N07	r4	solvL1	7	.46 .50 .49 .56 .49 .50	미계산(회차별 평균 저장 안 됨)	0.46	0–0.162759	280 313 306 343 297 312	없음	1249 (odd 625·even 624)	1	qsar/data/fep_m1/pass1/N07_solv_L1_r4/w00/prod.log
N07	r5	solvL1	7	.44 .50 .52 .54 .49 .49	미계산(회차별 평균 저장 안 됨)	0.44	0–0.162759	283 314 326 334 317 311	없음	1249 (odd 625·even 624)	1	qsar/data/fep_m1/pass1/N07_solv_L1_r5/w00/prod.log
N07	회차 평균(nrep=5)	solvL1	7	0.464 0.498 0.498 0.55 0.488 0.49	미계산	0.46399999999999997	0–0.162759	미계산	미계산	1249	—	final_report_20260921/replex.json per_leg (쌍별 값을 회차에 걸쳐 평균한 저장값)
N07	r1	solvL2	8	.47 .38 .45 .43 .38 .37 .42	미계산(회차별 평균 저장 안 됨)	0.37	0.739158–0.875579	286 235 285 254 228 224 271	없음	1249 (odd 625·even 624)	1	qsar/data/fep_m1/pass1/N07_solv_L2_r1/w00/prod.log
N07	r2	solvL2	8	.49 .41 .46 .44 .38 .39 .42	미계산(회차별 평균 저장 안 됨)	0.38	0.606493–0.739158	311 254 282 280 238 239 252	없음	1249 (odd 625·even 624)	1	qsar/data/fep_m1/pass1/N07_solv_L2_r2/w00/prod.log
N07	r3	solvL2	8	.48 .37 .47 .42 .41 .40 .42	미계산(회차별 평균 저장 안 됨)	0.37	0.251222–0.393496	293 240 303 259 258 254 274	없음	1249 (odd 625·even 624)	1	qsar/data/fep_m1/pass1/N07_solv_L2_r3/w00/prod.log
N07	r4	solvL2	8	.47 .36 .42 .36 .35 .37 .41	미계산(회차별 평균 저장 안 됨)	0.35	0.606493–0.739158	284 226 272 205 216 213 241	없음	1249 (odd 625·even 624)	1	qsar/data/fep_m1/pass1/N07_solv_L2_r4/w00/prod.log
N07	r5	solvL2	8	.45 .34 .46 .39 .36 .38 .42	미계산(회차별 평균 저장 안 됨)	0.34	0.251222–0.393496	279 206 292 247 218 255 263	없음	1249 (odd 625·even 624)	1	qsar/data/fep_m1/pass1/N07_solv_L2_r5/w00/prod.log
N07	회차 평균(nrep=5)	solvL2	8	0.472 0.372 0.452 0.408 0.376 0.382 0.418	미계산	0.372	0.251222–0.393496	미계산	미계산	1249	—	final_report_20260921/replex.json per_leg (쌍별 값을 회차에 걸쳐 평균한 저장값)
N07	r1	solvL3	4	.40 .43 .46	미계산(회차별 평균 저장 안 됨)	0.40	0–0.353742	241 278 296	없음	1249 (odd 625·even 624)	1	qsar/data/fep_m1/pass1/N07_solv_L3_r1/w00/prod.log
N07	r2	solvL3	4	.43 .42 .46	미계산(회차별 평균 저장 안 됨)	0.42	0.353742–0.690466	272 263 277	없음	1249 (odd 625·even 624)	1	qsar/data/fep_m1/pass1/N07_solv_L3_r2/w00/prod.log
N07	r3	solvL3	4	.40 .42 .46	미계산(회차별 평균 저장 안 됨)	0.40	0–0.353742	244 269 277	없음	1249 (odd 625·even 624)	1	qsar/data/fep_m1/pass1/N07_solv_L3_r3/w00/prod.log
N07	r4	solvL3	4	.40 .42 .47	미계산(회차별 평균 저장 안 됨)	0.40	0–0.353742	250 276 288	없음	1249 (odd 625·even 624)	1	qsar/data/fep_m1/pass1/N07_solv_L3_r4/w00/prod.log
N07	r5	solvL3	4	.42 .44 .48	미계산(회차별 평균 저장 안 됨)	0.42	0–0.353742	271 292 299	없음	1249 (odd 625·even 624)	1	qsar/data/fep_m1/pass1/N07_solv_L3_r5/w00/prod.log
N07	회차 평균(nrep=5)	solvL3	4	0.41 0.426 0.466	미계산	0.41	0–0.353742	미계산	미계산	1249	—	final_report_20260921/replex.json per_leg (쌍별 값을 회차에 걸쳐 평균한 저장값)
N08	r1	cplxL1	17	.33 .35 .30 .36 .41 .40 .38 .35 .36 .34 .34 .35 .34 .31 .35 .34	미계산(회차별 평균 저장 안 됨)	0.30	0.116165–0.177053	205 219 195 215 258 258 237 222 227 228 216 212 214 181 223 217	없음	1249 (odd 625·even 624)	1	qsar/data/fep_m1/pass1/N08_cplx_L1_r1/w00/prod.log
N08	r2	cplxL1	17	.38 .36 .35 .35 .33 .36 .36 .33 .35 .36 .35 .36 .32 .32 .32 .33	미계산(회차별 평균 저장 안 됨)	0.32	0.727157–0.79426 · 0.79426–0.863517 · 0.863517–0.931907	247 214 228 218 201 216 231 201 223 228 215 226 186 206 212 201	없음	1249 (odd 625·even 624)	1	qsar/data/fep_m1/pass1/N08_cplx_L1_r2/w00/prod.log
N08	r3	cplxL1	17	.40 .39 .35 .33 .37 .38 .38 .35 .33 .34 .30 .34 .33 .33 .31 .33	미계산(회차별 평균 저장 안 됨)	0.30	0.598896–0.663069	237 235 225 202 222 238 232 216 204 223 193 213 197 200 185 211	없음	1249 (odd 625·even 624)	1	qsar/data/fep_m1/pass1/N08_cplx_L1_r3/w00/prod.log
N08	r4	cplxL1	17	.35 .35 .34 .35 .38 .44 .39 .32 .34 .32 .33 .36 .35 .34 .32 .35	미계산(회차별 평균 저장 안 됨)	0.32	0.407804–0.470563 · 0.534251–0.598896 · 0.863517–0.931907	206 216 210 218 243 266 234 196 227 195 206 221 224 206 193 210	없음	1249 (odd 625·even 624)	1	qsar/data/fep_m1/pass1/N08_cplx_L1_r4/w00/prod.log
N08	r5	cplxL1	17	.32 .38 .34 .33 .40 .37 .37 .35 .32 .33 .35 .36 .34 .33 .35 .33	미계산(회차별 평균 저장 안 됨)	0.32	0–0.057471 · 0.470563–0.534251	204 236 204 204 248 225 216 212 195 206 212 217 213 216 213 209	없음	1249 (odd 625·even 624)	1	qsar/data/fep_m1/pass1/N08_cplx_L1_r5/w00/prod.log
N08	회차 평균(nrep=5)	cplxL1	17	0.356 0.366 0.336 0.344 0.378 0.39 0.376 0.34 0.34 0.338 0.334 0.354 0.336 0.326 0.33 0.336	미계산	0.326	0.79426–0.863517	미계산	미계산	1249	—	final_report_20260921/replex.json per_leg (쌍별 값을 회차에 걸쳐 평균한 저장값)
N08	r1	cplxL2	18	.38 .41 .40 .41 .40 .36 .33 .33 .37 .40 .41 .46 .40 .45 .47 .51 .48	미계산(회차별 평균 저장 안 됨)	0.33	0.373507–0.443191 · 0.443191–0.508625	254 253 240 238 242 222 199 199 231 255 254 296 251 287 295 309 306	없음	1249 (odd 625·even 624)	1	qsar/data/fep_m1/pass1/N08_cplx_L2_r1/w00/prod.log
N08	r2	cplxL2	18	.40 .39 .40 .40 .40 .38 .35 .33 .41 .41 .42 .40 .44 .46 .48 .50 .47	미계산(회차별 평균 저장 안 됨)	0.33	0.443191–0.508625	244 249 251 243 253 240 216 188 262 251 249 242 278 278 308 316 299	없음	1249 (odd 625·even 624)	1	qsar/data/fep_m1/pass1/N08_cplx_L2_r2/w00/prod.log
N08	r3	cplxL2	18	.42 .42 .42 .39 .39 .37 .36 .35 .39 .39 .41 .46 .45 .43 .46 .49 .47	미계산(회차별 평균 저장 안 됨)	0.35	0.443191–0.508625	256 246 262 233 254 237 218 220 237 239 257 301 296 258 279 314 302	없음	1249 (odd 625·even 624)	1	qsar/data/fep_m1/pass1/N08_cplx_L2_r3/w00/prod.log
N08	r4	cplxL2	18	.41 .40 .40 .38 .42 .39 .33 .36 .37 .38 .41 .42 .43 .47 .49 .50 .47	미계산(회차별 평균 저장 안 됨)	0.33	0.373507–0.443191	261 257 250 240 272 240 217 233 209 230 252 269 267 301 317 323 295	없음	1249 (odd 625·even 624)	1	qsar/data/fep_m1/pass1/N08_cplx_L2_r4/w00/prod.log
N08	r5	cplxL2	18	.44 .41 .42 .40 .39 .36 .36 .35 .37 .41 .39 .43 .42 .43 .43 .45 .47	미계산(회차별 평균 저장 안 됨)	0.35	0.443191–0.508625	280 255 260 248 255 223 223 207 236 262 247 275 258 264 287 282 296	없음	1249 (odd 625·even 624)	1	qsar/data/fep_m1/pass1/N08_cplx_L2_r5/w00/prod.log
N08	회차 평균(nrep=5)	cplxL2	18	0.41 0.406 0.408 0.396 0.4 0.372 0.346 0.344 0.382 0.398 0.408 0.434 0.428 0.448 0.466 0.49 0.472	미계산	0.34400000000000003	0.443191–0.508625	미계산	미계산	1249	—	final_report_20260921/replex.json per_leg (쌍별 값을 회차에 걸쳐 평균한 저장값)
N08	r1	cplxL3	19	.26 .28 .28 .26 .29 .28 .35 .37 .43 .42 .40 .40 .37 .35 .31 .33 .32 .30	미계산(회차별 평균 저장 안 됨)	0.26	0–0.063091 · 0.193025–0.261486	170 184 165 159 193 186 206 240 277 258 251 235 223 216 203 193 215 176	없음	1249 (odd 625·even 624)	1	qsar/data/fep_m1/pass1/N08_cplx_L3_r1/w00/prod.log
N08	r3	cplxL3	19	.29 .31 .29 .26 .27 .28 .33 .38 .36 .40 .39 .39 .35 .37 .33 .32 .31 .29	미계산(회차별 평균 저장 안 됨)	0.26	0.193025–0.261486	175 180 193 156 169 172 215 240 214 248 236 236 212 236 201 206 183 183	없음	1249 (odd 625·even 624)	1	qsar/data/fep_m1/pass1/N08_cplx_L3_r3/w00/prod.log
N08	r4	cplxL3	19	.33 .30 .33 .26 .27 .34 .35 .37 .38 .41 .38 .39 .36 .33 .35 .32 .32 .29	미계산(회차별 평균 저장 안 됨)	0.26	0.193025–0.261486	198 193 198 171 178 200 221 228 232 246 248 243 232 199 217 201 190 184	없음	1249 (odd 625·even 624)	1	qsar/data/fep_m1/pass1/N08_cplx_L3_r4/w00/prod.log
N08	r5	cplxL3	19	.28 .28 .28 .27 .26 .29 .34 .33 .38 .41 .42 .40 .38 .34 .34 .29 .33 .29	미계산(회차별 평균 저장 안 됨)	0.26	0.261486–0.327753	178 173 173 174 153 185 202 202 244 261 283 250 228 224 219 182 207 170	없음	1249 (odd 625·even 624)	1	qsar/data/fep_m1/pass1/N08_cplx_L3_r5/w00/prod.log
N08	회차 평균(nrep=4)	cplxL3	19	0.29 0.2925 0.295 0.2625 0.2725 0.2975 0.3425 0.3625 0.3875 0.41 0.3975 0.395 0.365 0.3475 0.3325 0.315 0.32 0.2925	미계산	0.2625	0.193025–0.261486	미계산	미계산	1249	—	final_report_20260921/replex.json per_leg (쌍별 값을 회차에 걸쳐 평균한 저장값)
N08	r1	solvL1	17	.39 .35 .37 .35 .36 .36 .35 .35 .37 .36 .40 .38 .41 .39 .36 .34	미계산(회차별 평균 저장 안 됨)	0.34	0.930383–1	239 217 232 216 218 217 216 212 240 221 250 237 258 244 216 213	없음	1249 (odd 625·even 624)	1	qsar/data/fep_m1/pass1/N08_solv_L1_r1/w00/prod.log
N08	r2	solvL1	17	.39 .41 .34 .33 .36 .38 .35 .34 .33 .36 .38 .40 .42 .40 .34 .34	미계산(회차별 평균 저장 안 됨)	0.33	0.174154–0.238053 · 0.494271–0.56134	241 247 204 216 234 244 213 203 196 231 238 251 255 237 199 212	없음	1249 (odd 625·even 624)	1	qsar/data/fep_m1/pass1/N08_solv_L1_r2/w00/prod.log
N08	r3	solvL1	17	.41 .41 .37 .35 .39 .37 .36 .35 .37 .37 .39 .41 .39 .41 .39 .32	미계산(회차별 평균 저장 안 됨)	0.32	0.930383–1	261 251 215 212 256 226 200 224 224 230 255 267 258 265 258 196	없음	1249 (odd 625·even 624)	1	qsar/data/fep_m1/pass1/N08_solv_L1_r3/w00/prod.log
N08	r4	solvL1	17	.40 .36 .38 .35 .37 .41 .33 .34 .35 .36 .39 .42 .41 .38 .35 .36	미계산(회차별 평균 저장 안 됨)	0.33	0.361555–0.42698	260 219 235 214 243 255 198 201 213 231 247 261 273 221 225 223	없음	1249 (odd 625·even 624)	1	qsar/data/fep_m1/pass1/N08_solv_L1_r4/w00/prod.log
N08	r5	solvL1	17	.41 .41 .38 .38 .39 .39 .35 .33 .34 .37 .41 .44 .40 .42 .38 .33	미계산(회차별 평균 저장 안 됨)	0.33	0.42698–0.494271 · 0.930383–1	279 265 235 253 235 249 216 196 231 238 250 277 254 251 258 206	없음	1249 (odd 625·even 624)	1	qsar/data/fep_m1/pass1/N08_solv_L1_r5/w00/prod.log
N08	회차 평균(nrep=5)	solvL1	17	0.4 0.388 0.368 0.352 0.374 0.382 0.348 0.342 0.352 0.364 0.394 0.41 0.406 0.4 0.364 0.338	미계산	0.33799999999999997	0.930383–1	미계산	미계산	1249	—	final_report_20260921/replex.json per_leg (쌍별 값을 회차에 걸쳐 평균한 저장값)
N08	r1	solvL2	17	.40 .41 .41 .40 .41 .37 .41 .37 .38 .40 .41 .40 .39 .42 .34 .34	미계산(회차별 평균 저장 안 됨)	0.34	0.859814–0.928014 · 0.928014–1	254 274 264 241 255 233 242 230 225 246 262 236 250 269 198 214	없음	1249 (odd 625·even 624)	1	qsar/data/fep_m1/pass1/N08_solv_L2_r1/w00/prod.log
N08	r2	solvL2	17	.40 .40 .41 .44 .41 .41 .40 .40 .39 .37 .38 .41 .40 .39 .37 .36	미계산(회차별 평균 저장 안 됨)	0.36	0.928014–1	239 239 257 277 255 261 249 249 244 233 229 260 261 241 237 229	없음	1249 (odd 625·even 624)	1	qsar/data/fep_m1/pass1/N08_solv_L2_r2/w00/prod.log
N08	r3	solvL2	17	.39 .41 .44 .40 .42 .39 .39 .37 .38 .36 .39 .40 .42 .37 .39 .36	미계산(회차별 평균 저장 안 됨)	0.36	0.552915–0.613021 · 0.928014–1	234 267 277 241 252 237 233 216 227 223 256 239 262 229 238 223	없음	1249 (odd 625·even 624)	1	qsar/data/fep_m1/pass1/N08_solv_L2_r3/w00/prod.log
N08	r4	solvL2	17	.39 .41 .41 .42 .42 .40 .37 .36 .36 .37 .41 .43 .40 .40 .39 .38	미계산(회차별 평균 저장 안 됨)	0.36	0.431732–0.492537 · 0.492537–0.552915	250 257 254 273 266 248 240 244 219 229 258 260 252 250 232 234	없음	1249 (odd 625·even 624)	1	qsar/data/fep_m1/pass1/N08_solv_L2_r4/w00/prod.log
N08	r5	solvL2	17	.39 .41 .39 .39 .41 .39 .39 .36 .36 .38 .42 .40 .39 .42 .40 .34	미계산(회차별 평균 저장 안 됨)	0.34	0.928014–1	241 260 247 244 267 226 260 245 232 237 266 262 242 274 248 212	없음	1249 (odd 625·even 624)	1	qsar/data/fep_m1/pass1/N08_solv_L2_r5/w00/prod.log
N08	회차 평균(nrep=5)	solvL2	17	0.394 0.408 0.412 0.41 0.414 0.392 0.392 0.372 0.374 0.376 0.402 0.408 0.4 0.4 0.378 0.356	미계산	0.356	0.928014–1	미계산	미계산	1249	—	final_report_20260921/replex.json per_leg (쌍별 값을 회차에 걸쳐 평균한 저장값)
N08	r1	solvL3	20	.31 .32 .34 .35 .35 .40 .41 .41 .41 .40 .41 .43 .44 .44 .41 .42 .41 .38 .40	미계산(회차별 평균 저장 안 됨)	0.31	0–0.067095	201 190 231 205 223 249 253 257 243 259 256 272 259 284 256 266 250 245 250	없음	1249 (odd 625·even 624)	1	qsar/data/fep_m1/pass1/N08_solv_L3_r1/w00/prod.log
N08	r2	solvL3	20	.31 .31 .34 .32 .37 .37 .39 .40 .41 .43 .40 .42 .44 .42 .43 .38 .39 .36 .38	미계산(회차별 평균 저장 안 됨)	0.31	0–0.067095 · 0.067095–0.133249	197 199 214 205 225 237 234 268 249 266 253 273 268 271 273 244 258 216 250	없음	1249 (odd 625·even 624)	1	qsar/data/fep_m1/pass1/N08_solv_L3_r2/w00/prod.log
N08	r3	solvL3	20	.30 .31 .35 .32 .37 .37 .39 .41 .40 .42 .43 .41 .43 .44 .42 .40 .37 .42 .37	미계산(회차별 평균 저장 안 됨)	0.30	0–0.067095	202 196 212 199 220 236 241 248 263 263 256 258 270 277 266 253 226 253 230	없음	1249 (odd 625·even 624)	1	qsar/data/fep_m1/pass1/N08_solv_L3_r3/w00/prod.log
N08	r4	solvL3	20	.28 .31 .31 .34 .35 .37 .41 .39 .41 .41 .42 .40 .41 .44 .45 .40 .39 .40 .38	미계산(회차별 평균 저장 안 됨)	0.28	0–0.067095	182 186 199 225 220 220 257 250 242 262 273 244 261 270 278 238 233 251 214	없음	1249 (odd 625·even 624)	1	qsar/data/fep_m1/pass1/N08_solv_L3_r4/w00/prod.log
N08	r5	solvL3	20	.30 .32 .33 .34 .37 .40 .42 .41 .43 .41 .43 .38 .42 .44 .43 .40 .40 .38 .38	미계산(회차별 평균 저장 안 됨)	0.30	0–0.067095	195 213 201 207 239 240 249 256 279 242 273 243 268 266 271 246 239 239 252	없음	1249 (odd 625·even 624)	1	qsar/data/fep_m1/pass1/N08_solv_L3_r5/w00/prod.log
N08	회차 평균(nrep=5)	solvL3	20	0.3 0.314 0.334 0.334 0.362 0.382 0.404 0.404 0.412 0.414 0.418 0.408 0.428 0.436 0.428 0.4 0.392 0.388 0.382	미계산	0.3	0–0.067095	미계산	미계산	1249	—	final_report_20260921/replex.json per_leg (쌍별 값을 회차에 걸쳐 평균한 저장값)
N09	r1	cplxL1	6	.54 .45 .45 .38 .31	미계산(회차별 평균 저장 안 됨)	0.31	0.773132–1	336 274 300 230 197	없음	1249 (odd 625·even 624)	1	qsar/data/fep_m1/pass1/N09_cplx_L1_r1/w00/prod.log
N09	r2	cplxL1	6	.50 .45 .43 .33 .28	미계산(회차별 평균 저장 안 됨)	0.28	0.773132–1	311 284 262 202 179	없음	1249 (odd 625·even 624)	1	qsar/data/fep_m1/pass1/N09_cplx_L1_r2/w00/prod.log
N09	r3	cplxL1	6	.53 .39 .44 .37 .38	미계산(회차별 평균 저장 안 됨)	0.37	0.434618–0.773132	338 247 277 234 234	없음	1249 (odd 625·even 624)	1	qsar/data/fep_m1/pass1/N09_cplx_L1_r3/w00/prod.log
N09	r4	cplxL1	6	.55 .56 .42 .36 .32	미계산(회차별 평균 저장 안 됨)	0.32	0.773132–1	340 344 260 226 200	없음	1249 (odd 625·even 624)	1	qsar/data/fep_m1/pass1/N09_cplx_L1_r4/w00/prod.log
N09	r5	cplxL1	6	.47 .51 .50 .35 .37	미계산(회차별 평균 저장 안 됨)	0.35	0.434618–0.773132	296 318 306 206 233	없음	1249 (odd 625·even 624)	1	qsar/data/fep_m1/pass1/N09_cplx_L1_r5/w00/prod.log
N09	회차 평균(nrep=5)	cplxL1	6	0.518 0.472 0.448 0.358 0.332	미계산	0.332	0.773132–1	미계산	미계산	1249	—	final_report_20260921/replex.json per_leg (쌍별 값을 회차에 걸쳐 평균한 저장값)
N09	r1	cplxL2	15	.41 .44 .42 .39 .44 .46 .50 .49 .47 .43 .41 .47 .53 .55	미계산(회차별 평균 저장 안 됨)	0.39	0.234691–0.314634	254 290 257 246 263 297 322 313 294 276 261 278 317 344	없음	1249 (odd 625·even 624)	1	qsar/data/fep_m1/pass1/N09_cplx_L2_r1/w00/prod.log
N09	r2	cplxL2	15	.43 .46 .41 .41 .42 .50 .46 .51 .47 .44 .42 .49 .49 .56	미계산(회차별 평균 저장 안 됨)	0.41	0.154311–0.234691 · 0.234691–0.314634	271 281 247 259 268 325 287 321 289 264 260 307 292 356	없음	1249 (odd 625·even 624)	1	qsar/data/fep_m1/pass1/N09_cplx_L2_r2/w00/prod.log
N09	r3	cplxL2	15	.42 .43 .42 .42 .46 .49 .48 .52 .50 .45 .44 .46 .50 .51	미계산(회차별 평균 저장 안 됨)	0.42	0–0.076598 · 0.154311–0.234691 · 0.234691–0.314634	267 285 252 280 285 312 321 333 297 281 283 278 326 332	없음	1249 (odd 625·even 624)	1	qsar/data/fep_m1/pass1/N09_cplx_L2_r3/w00/prod.log
N09	r4	cplxL2	15	.43 .42 .41 .41 .46 .51 .51 .49 .48 .41 .40 .43 .47 .51	미계산(회차별 평균 저장 안 됨)	0.40	0.727493–0.805009	259 274 250 263 284 311 315 299 287 264 243 259 303 304	없음	1249 (odd 625·even 624)	1	qsar/data/fep_m1/pass1/N09_cplx_L2_r4/w00/prod.log
N09	r5	cplxL2	15	.46 .45 .43 .41 .46 .48 .46 .48 .49 .46 .44 .48 .49 .52	미계산(회차별 평균 저장 안 됨)	0.41	0.234691–0.314634	279 284 278 255 287 284 274 312 306 287 277 305 313 333	없음	1249 (odd 625·even 624)	1	qsar/data/fep_m1/pass1/N09_cplx_L2_r5/w00/prod.log
N09	회차 평균(nrep=5)	cplxL2	15	0.43 0.44 0.418 0.408 0.448 0.488 0.482 0.498 0.482 0.438 0.422 0.466 0.496 0.53	미계산	0.40800000000000003	0.234691–0.314634	미계산	미계산	1249	—	final_report_20260921/replex.json per_leg (쌍별 값을 회차에 걸쳐 평균한 저장값)
N09	r1	cplxL3	3	.56 .56	미계산(회차별 평균 저장 안 됨)	0.56	0–0.527454 · 0.527454–1	354 355	없음	1249 (odd 625·even 624)	1	qsar/data/fep_m1/pass1/N09_cplx_L3_r1/w00/prod.log
N09	r2	cplxL3	3	.44 .53	미계산(회차별 평균 저장 안 됨)	0.44	0–0.527454	276 342	없음	1249 (odd 625·even 624)	1	qsar/data/fep_m1/pass1/N09_cplx_L3_r2/w00/prod.log
N09	r3	cplxL3	3	.53 .55	미계산(회차별 평균 저장 안 됨)	0.53	0–0.527454	337 340	없음	1249 (odd 625·even 624)	1	qsar/data/fep_m1/pass1/N09_cplx_L3_r3/w00/prod.log
N09	r4	cplxL3	3	.40 .42	미계산(회차별 평균 저장 안 됨)	0.40	0–0.527454	244 253	없음	1249 (odd 625·even 624)	1	qsar/data/fep_m1/pass1/N09_cplx_L3_r4/w00/prod.log
N09	r5	cplxL3	3	.46 .48	미계산(회차별 평균 저장 안 됨)	0.46	0–0.527454	287 295	없음	1249 (odd 625·even 624)	1	qsar/data/fep_m1/pass1/N09_cplx_L3_r5/w00/prod.log
N09	회차 평균(nrep=5)	cplxL3	3	0.478 0.508	미계산	0.47800000000000004	0–0.527454	미계산	미계산	1249	—	final_report_20260921/replex.json per_leg (쌍별 값을 회차에 걸쳐 평균한 저장값)
N09	r1	solvL1	6	.45 .37 .30 .43 .37	미계산(회차별 평균 저장 안 됨)	0.30	0.35416–0.607788	269 225 180 278 227	없음	1249 (odd 625·even 624)	1	qsar/data/fep_m1/pass1/N09_solv_L1_r1/w00/prod.log
N09	r2	solvL1	6	.40 .34 .29 .40 .37	미계산(회차별 평균 저장 안 됨)	0.29	0.35416–0.607788	249 196 178 258 228	없음	1249 (odd 625·even 624)	1	qsar/data/fep_m1/pass1/N09_solv_L1_r2/w00/prod.log
N09	r3	solvL1	6	.44 .34 .31 .41 .37	미계산(회차별 평균 저장 안 됨)	0.31	0.35416–0.607788	279 206 204 249 232	없음	1249 (odd 625·even 624)	1	qsar/data/fep_m1/pass1/N09_solv_L1_r3/w00/prod.log
N09	r4	solvL1	6	.43 .32 .31 .42 .37	미계산(회차별 평균 저장 안 됨)	0.31	0.35416–0.607788	271 207 200 249 228	없음	1249 (odd 625·even 624)	1	qsar/data/fep_m1/pass1/N09_solv_L1_r4/w00/prod.log
N09	r5	solvL1	6	.43 .33 .32 .38 .38	미계산(회차별 평균 저장 안 됨)	0.32	0.35416–0.607788	271 194 204 230 238	없음	1249 (odd 625·even 624)	1	qsar/data/fep_m1/pass1/N09_solv_L1_r5/w00/prod.log
N09	회차 평균(nrep=5)	solvL1	6	0.43 0.34 0.306 0.408 0.372	미계산	0.306	0.35416–0.607788	미계산	미계산	1249	—	final_report_20260921/replex.json per_leg (쌍별 값을 회차에 걸쳐 평균한 저장값)
N09	r1	solvL2	14	.39 .39 .44 .44 .45 .44 .42 .38 .41 .46 .46 .46 .45	미계산(회차별 평균 저장 안 됨)	0.38	0.526587–0.610614	234 246 266 281 276 289 256 234 261 289 289 268 293	없음	1249 (odd 625·even 624)	1	qsar/data/fep_m1/pass1/N09_solv_L2_r1/w00/prod.log
N09	r2	solvL2	14	.35 .41 .45 .42 .47 .47 .44 .41 .41 .48 .46 .45 .43	미계산(회차별 평균 저장 안 됨)	0.35	0–0.092506	229 252 269 255 294 297 269 241 253 279 276 288 269	없음	1249 (odd 625·even 624)	1	qsar/data/fep_m1/pass1/N09_solv_L2_r2/w00/prod.log
N09	r3	solvL2	14	.34 .39 .43 .45 .44 .45 .41 .38 .40 .45 .46 .47 .44	미계산(회차별 평균 저장 안 됨)	0.34	0–0.092506	212 237 271 283 282 268 259 232 246 288 277 294 263	없음	1249 (odd 625·even 624)	1	qsar/data/fep_m1/pass1/N09_solv_L2_r3/w00/prod.log
N09	r4	solvL2	14	.35 .42 .43 .46 .47 .48 .41 .38 .43 .47 .47 .45 .46	미계산(회차별 평균 저장 안 됨)	0.35	0–0.092506	227 257 279 288 301 283 262 238 278 305 306 276 284	없음	1249 (odd 625·even 624)	1	qsar/data/fep_m1/pass1/N09_solv_L2_r4/w00/prod.log
N09	r5	solvL2	14	.37 .40 .44 .43 .43 .45 .44 .38 .41 .44 .47 .46 .44	미계산(회차별 평균 저장 안 됨)	0.37	0–0.092506	216 250 270 277 283 276 277 235 262 270 306 295 281	없음	1249 (odd 625·even 624)	1	qsar/data/fep_m1/pass1/N09_solv_L2_r5/w00/prod.log
N09	회차 평균(nrep=5)	solvL2	14	0.36 0.402 0.438 0.44 0.452 0.458 0.424 0.386 0.412 0.46 0.464 0.458 0.444	미계산	0.36000000000000004	0–0.092506	미계산	미계산	1249	—	final_report_20260921/replex.json per_leg (쌍별 값을 회차에 걸쳐 평균한 저장값)
N09	r1	solvL3	5	.54 .54 .48 .47	미계산(회차별 평균 저장 안 됨)	0.47	0.74924–1	348 342 308 289	없음	1249 (odd 625·even 624)	1	qsar/data/fep_m1/pass1/N09_solv_L3_r1/w00/prod.log
N09	r2	solvL3	5	.53 .55 .49 .46	미계산(회차별 평균 저장 안 됨)	0.46	0.74924–1	326 361 326 283	없음	1249 (odd 625·even 624)	1	qsar/data/fep_m1/pass1/N09_solv_L3_r2/w00/prod.log
N09	r3	solvL3	5	.54 .54 .48 .46	미계산(회차별 평균 저장 안 됨)	0.46	0.74924–1	354 337 304 282	없음	1249 (odd 625·even 624)	1	qsar/data/fep_m1/pass1/N09_solv_L3_r3/w00/prod.log
N09	r4	solvL3	5	.49 .55 .50 .46	미계산(회차별 평균 저장 안 됨)	0.46	0.74924–1	300 356 310 296	없음	1249 (odd 625·even 624)	1	qsar/data/fep_m1/pass1/N09_solv_L3_r4/w00/prod.log
N09	r5	solvL3	5	.53 .56 .45 .48	미계산(회차별 평균 저장 안 됨)	0.45	0.490349–0.74924	326 357 269 287	없음	1249 (odd 625·even 624)	1	qsar/data/fep_m1/pass1/N09_solv_L3_r5/w00/prod.log
N09	회차 평균(nrep=5)	solvL3	5	0.526 0.548 0.48 0.466	미계산	0.466	0.74924–1	미계산	미계산	1249	—	final_report_20260921/replex.json per_leg (쌍별 값을 회차에 걸쳐 평균한 저장값)
N10	r1	cplxL1	5	.39 .50 .59 .63	미계산(회차별 평균 저장 안 됨)	0.39	0–0.220356	231 305 359 408	없음	1249 (odd 625·even 624)	1	qsar/data/fep_m1/pass1/N10_cplx_L1_r1/w00/prod.log
N10	r2	cplxL1	5	.45 .55 .63 .64	미계산(회차별 평균 저장 안 됨)	0.45	0–0.220356	287 335 406 401	없음	1249 (odd 625·even 624)	1	qsar/data/fep_m1/pass1/N10_cplx_L1_r2/w00/prod.log
N10	r3	cplxL1	5	.43 .51 .56 .59	미계산(회차별 평균 저장 안 됨)	0.43	0–0.220356	263 317 356 373	없음	1249 (odd 625·even 624)	1	qsar/data/fep_m1/pass1/N10_cplx_L1_r3/w00/prod.log
N10	r4	cplxL1	5	.28 .57 .68 .71	미계산(회차별 평균 저장 안 됨)	0.28	0–0.220356	174 343 410 459	없음	1249 (odd 625·even 624)	1	qsar/data/fep_m1/pass1/N10_cplx_L1_r4/w00/prod.log
N10	r5	cplxL1	5	.46 .52 .60 .65	미계산(회차별 평균 저장 안 됨)	0.46	0–0.220356	278 324 383 415	없음	1249 (odd 625·even 624)	1	qsar/data/fep_m1/pass1/N10_cplx_L1_r5/w00/prod.log
N10	회차 평균(nrep=5)	cplxL1	5	0.402 0.53 0.612 0.644	미계산	0.402	0–0.220356	미계산	미계산	1249	—	final_report_20260921/replex.json per_leg (쌍별 값을 회차에 걸쳐 평균한 저장값)
N10	r1	cplxL2	7	.45 .53 .51 .68 .72 .61	미계산(회차별 평균 저장 안 됨)	0.45	0–0.22708	281 315 329 422 441 380	없음	1249 (odd 625·even 624)	1	qsar/data/fep_m1/pass1/N10_cplx_L2_r1/w00/prod.log
N10	r2	cplxL2	7	.49 .54 .53 .64 .71 .60	미계산(회차별 평균 저장 안 됨)	0.49	0–0.22708	319 331 337 402 451 366	없음	1249 (odd 625·even 624)	1	qsar/data/fep_m1/pass1/N10_cplx_L2_r2/w00/prod.log
N10	r3	cplxL2	7	.40 .51 .49 .63 .70 .58	미계산(회차별 평균 저장 안 됨)	0.40	0–0.22708	275 327 301 387 438 368	없음	1249 (odd 625·even 624)	1	qsar/data/fep_m1/pass1/N10_cplx_L2_r3/w00/prod.log
N10	r4	cplxL2	7	.41 .53 .53 .63 .68 .54	미계산(회차별 평균 저장 안 됨)	0.41	0–0.22708	243 342 319 390 417 326	없음	1249 (odd 625·even 624)	1	qsar/data/fep_m1/pass1/N10_cplx_L2_r4/w00/prod.log
N10	r5	cplxL2	7	.46 .56 .55 .66 .70 .60	미계산(회차별 평균 저장 안 됨)	0.46	0–0.22708	287 339 347 419 442 367	없음	1249 (odd 625·even 624)	1	qsar/data/fep_m1/pass1/N10_cplx_L2_r5/w00/prod.log
N10	회차 평균(nrep=5)	cplxL2	7	0.442 0.534 0.522 0.648 0.702 0.586	미계산	0.442	0–0.22708	미계산	미계산	1249	—	final_report_20260921/replex.json per_leg (쌍별 값을 회차에 걸쳐 평균한 저장값)
N10	r1	cplxL3	5	.59 .43 .28 .47	미계산(회차별 평균 저장 안 됨)	0.28	0.576512–0.787333	373 266 177 286	없음	1249 (odd 625·even 624)	1	qsar/data/fep_m1/pass1/N10_cplx_L3_r1/w00/prod.log
N10	r2	cplxL3	5	.67 .53 .34 .41	미계산(회차별 평균 저장 안 됨)	0.34	0.576512–0.787333	429 322 203 248	없음	1249 (odd 625·even 624)	1	qsar/data/fep_m1/pass1/N10_cplx_L3_r2/w00/prod.log
N10	r3	cplxL3	5	.58 .49 .40 .38	미계산(회차별 평균 저장 안 됨)	0.38	0.787333–1	371 311 241 238	없음	1249 (odd 625·even 624)	1	qsar/data/fep_m1/pass1/N10_cplx_L3_r3/w00/prod.log
N10	r4	cplxL3	5	.51 .42 .51 .51	미계산(회차별 평균 저장 안 됨)	0.42	0.327055–0.576512	332 246 312 314	없음	1249 (odd 625·even 624)	1	qsar/data/fep_m1/pass1/N10_cplx_L3_r4/w00/prod.log
N10	r5	cplxL3	5	.71 .65 .48 .32	미계산(회차별 평균 저장 안 됨)	0.32	0.787333–1	454 397 302 199	없음	1249 (odd 625·even 624)	1	qsar/data/fep_m1/pass1/N10_cplx_L3_r5/w00/prod.log
N10	회차 평균(nrep=5)	cplxL3	5	0.612 0.504 0.402 0.418	미계산	0.40199999999999997	0.576512–0.787333	미계산	미계산	1249	—	final_report_20260921/replex.json per_leg (쌍별 값을 회차에 걸쳐 평균한 저장값)
N10	r1	solvL1	5	.38 .42 .52 .49	미계산(회차별 평균 저장 안 됨)	0.38	0–0.224654	235 264 311 308	없음	1249 (odd 625·even 624)	1	qsar/data/fep_m1/pass1/N10_solv_L1_r1/w00/prod.log
N10	r2	solvL1	5	.35 .42 .52 .47	미계산(회차별 평균 저장 안 됨)	0.35	0–0.224654	226 260 331 297	없음	1249 (odd 625·even 624)	1	qsar/data/fep_m1/pass1/N10_solv_L1_r2/w00/prod.log
N10	r3	solvL1	5	.38 .42 .51 .47	미계산(회차별 평균 저장 안 됨)	0.38	0–0.224654	228 258 318 291	없음	1249 (odd 625·even 624)	1	qsar/data/fep_m1/pass1/N10_solv_L1_r3/w00/prod.log
N10	r4	solvL1	5	.38 .45 .52 .51	미계산(회차별 평균 저장 안 됨)	0.38	0–0.224654	236 278 339 313	없음	1249 (odd 625·even 624)	1	qsar/data/fep_m1/pass1/N10_solv_L1_r4/w00/prod.log
N10	r5	solvL1	5	.37 .41 .52 .48	미계산(회차별 평균 저장 안 됨)	0.37	0–0.224654	232 240 327 295	없음	1249 (odd 625·even 624)	1	qsar/data/fep_m1/pass1/N10_solv_L1_r5/w00/prod.log
N10	회차 평균(nrep=5)	solvL1	5	0.372 0.424 0.518 0.484	미계산	0.372	0–0.224654	미계산	미계산	1249	—	final_report_20260921/replex.json per_leg (쌍별 값을 회차에 걸쳐 평균한 저장값)
N10	r1	solvL2	6	.42 .52 .39 .34 .46	미계산(회차별 평균 저장 안 됨)	0.34	0.551398–0.788722	258 327 246 195 286	없음	1249 (odd 625·even 624)	1	qsar/data/fep_m1/pass1/N10_solv_L2_r1/w00/prod.log
N10	r2	solvL2	6	.43 .56 .41 .39 .43	미계산(회차별 평균 저장 안 됨)	0.39	0.551398–0.788722	259 346 256 253 270	없음	1249 (odd 625·even 624)	1	qsar/data/fep_m1/pass1/N10_solv_L2_r2/w00/prod.log
N10	r3	solvL2	6	.44 .53 .42 .38 .46	미계산(회차별 평균 저장 안 됨)	0.38	0.551398–0.788722	277 329 264 226 281	없음	1249 (odd 625·even 624)	1	qsar/data/fep_m1/pass1/N10_solv_L2_r3/w00/prod.log
N10	r4	solvL2	6	.43 .53 .43 .37 .45	미계산(회차별 평균 저장 안 됨)	0.37	0.551398–0.788722	279 327 256 236 277	없음	1249 (odd 625·even 624)	1	qsar/data/fep_m1/pass1/N10_solv_L2_r4/w00/prod.log
N10	r5	solvL2	6	.43 .52 .41 .38 .46	미계산(회차별 평균 저장 안 됨)	0.38	0.551398–0.788722	273 323 270 234 294	없음	1249 (odd 625·even 624)	1	qsar/data/fep_m1/pass1/N10_solv_L2_r5/w00/prod.log
N10	회차 평균(nrep=5)	solvL2	6	0.43 0.532 0.412 0.372 0.452	미계산	0.372	0.551398–0.788722	미계산	미계산	1249	—	final_report_20260921/replex.json per_leg (쌍별 값을 회차에 걸쳐 평균한 저장값)
N10	r1	solvL3	5	.43 .41 .33 .36	미계산(회차별 평균 저장 안 됨)	0.33	0.577704–0.800072	262 259 208 231	없음	1249 (odd 625·even 624)	1	qsar/data/fep_m1/pass1/N10_solv_L3_r1/w00/prod.log
N10	r2	solvL3	5	.41 .38 .39 .38	미계산(회차별 평균 저장 안 됨)	0.38	0.308662–0.577704 · 0.800072–1	255 240 253 227	없음	1249 (odd 625·even 624)	1	qsar/data/fep_m1/pass1/N10_solv_L3_r2/w00/prod.log
N10	r3	solvL3	5	.41 .40 .38 .39	미계산(회차별 평균 저장 안 됨)	0.38	0.577704–0.800072	260 250 245 234	없음	1249 (odd 625·even 624)	1	qsar/data/fep_m1/pass1/N10_solv_L3_r3/w00/prod.log
N10	r4	solvL3	5	.43 .41 .37 .37	미계산(회차별 평균 저장 안 됨)	0.37	0.577704–0.800072 · 0.800072–1	275 261 230 231	없음	1249 (odd 625·even 624)	1	qsar/data/fep_m1/pass1/N10_solv_L3_r4/w00/prod.log
N10	r5	solvL3	5	.43 .40 .37 .38	미계산(회차별 평균 저장 안 됨)	0.37	0.577704–0.800072	258 256 236 234	없음	1249 (odd 625·even 624)	1	qsar/data/fep_m1/pass1/N10_solv_L3_r5/w00/prod.log
N10	회차 평균(nrep=5)	solvL3	5	0.422 0.4 0.368 0.376	미계산	0.36800000000000005	0.577704–0.800072	미계산	미계산	1249	—	final_report_20260921/replex.json per_leg (쌍별 값을 회차에 걸쳐 평균한 저장값)
N11	r1	cplxL1	12	.26 .30 .33 .32 .26 .33 .37 .35 .34 .36 .34	미계산(회차별 평균 저장 안 됨)	0.26	0–0.09165 · 0.369809–0.476851	171 191 191 201 167 217 232 220 219 227 206	없음	1249 (odd 625·even 624)	1	qsar/data/fep_m1/pass1/N11_cplx_L1_r1/w00/prod.log
N11	r2	cplxL1	12	.25 .30 .29 .28 .23 .33 .33 .37 .36 .37 .26	미계산(회차별 평균 저장 안 됨)	0.23	0.369809–0.476851	143 194 182 170 136 211 205 241 226 221 160	없음	1249 (odd 625·even 624)	1	qsar/data/fep_m1/pass1/N11_cplx_L1_r2/w00/prod.log
N11	r3	cplxL1	12	.25 .32 .32 .26 .27 .35 .42 .37 .32 .34 .30	미계산(회차별 평균 저장 안 됨)	0.25	0–0.09165	169 193 193 169 169 227 257 225 183 207 185	없음	1249 (odd 625·even 624)	1	qsar/data/fep_m1/pass1/N11_cplx_L1_r3/w00/prod.log
N11	r4	cplxL1	12	.30 .39 .33 .26 .26 .33 .40 .34 .31 .37 .35	미계산(회차별 평균 저장 안 됨)	0.26	0.267036–0.369809 · 0.369809–0.476851	182 238 199 159 168 221 259 205 190 252 230	없음	1249 (odd 625·even 624)	1	qsar/data/fep_m1/pass1/N11_cplx_L1_r4/w00/prod.log
N11	r5	cplxL1	12	.30 .31 .32 .22 .23 .33 .34 .33 .34 .37 .41	미계산(회차별 평균 저장 안 됨)	0.22	0.267036–0.369809	196 203 193 132 138 203 207 215 214 224 256	없음	1249 (odd 625·even 624)	1	qsar/data/fep_m1/pass1/N11_cplx_L1_r5/w00/prod.log
N11	회차 평균(nrep=5)	cplxL1	12	0.272 0.324 0.318 0.268 0.25 0.334 0.372 0.352 0.334 0.362 0.332	미계산	0.25	0.369809–0.476851	미계산	미계산	1249	—	final_report_20260921/replex.json per_leg (쌍별 값을 회차에 걸쳐 평균한 저장값)
N11	r1	cplxL2	13	.45 .40 .40 .42 .40 .42 .41 .44 .51 .53 .55 .52	미계산(회차별 평균 저장 안 됨)	0.40	0.068925–0.143079 · 0.143079–0.224803 · 0.313951–0.408395	277 246 241 268 262 273 256 280 326 325 337 321	없음	1249 (odd 625·even 624)	1	qsar/data/fep_m1/pass1/N11_cplx_L2_r1/w00/prod.log
N11	r2	cplxL2	13	.46 .40 .41 .42 .46 .41 .40 .39 .48 .53 .52 .51	미계산(회차별 평균 저장 안 됨)	0.39	0.590576–0.672865	282 246 254 271 273 242 246 238 307 345 330 337	없음	1249 (odd 625·even 624)	1	qsar/data/fep_m1/pass1/N11_cplx_L2_r2/w00/prod.log
N11	r3	cplxL2	13	.46 .42 .39 .38 .45 .40 .36 .46 .50 .52 .48 .50	미계산(회차별 평균 저장 안 됨)	0.36	0.503413–0.590576	270 273 248 244 288 242 232 278 310 303 298 326	없음	1249 (odd 625·even 624)	1	qsar/data/fep_m1/pass1/N11_cplx_L2_r3/w00/prod.log
N11	r4	cplxL2	13	.47 .48 .45 .41 .44 .45 .46 .52 .56 .55 .49 .42	미계산(회차별 평균 저장 안 됨)	0.41	0.224803–0.313951	294 287 294 257 278 293 292 315 336 326 295 257	없음	1249 (odd 625·even 624)	1	qsar/data/fep_m1/pass1/N11_cplx_L2_r4/w00/prod.log
N11	r5	cplxL2	13	.50 .46 .48 .43 .42 .38 .43 .48 .54 .54 .50 .49	미계산(회차별 평균 저장 안 됨)	0.38	0.408395–0.503413	326 279 292 276 257 225 265 299 341 340 315 304	없음	1249 (odd 625·even 624)	1	qsar/data/fep_m1/pass1/N11_cplx_L2_r5/w00/prod.log
N11	회차 평균(nrep=5)	cplxL2	13	0.468 0.432 0.426 0.412 0.434 0.412 0.412 0.458 0.518 0.534 0.508 0.488	미계산	0.41200000000000003	0.224803–0.313951	미계산	미계산	1249	—	final_report_20260921/replex.json per_leg (쌍별 값을 회차에 걸쳐 평균한 저장값)
N11	r1	cplxL3	15	.32 .34 .34 .27 .30 .24 .22 .22 .23 .12 .15 .27 .32 .31	미계산(회차별 평균 저장 안 됨)	0.12	0.644167–0.716015	207 208 219 169 187 158 141 150 140 73 90 168 193 194	없음	1249 (odd 625·even 624)	1	qsar/data/fep_m1/pass1/N11_cplx_L3_r1/w00/prod.log
N11	r2	cplxL3	15	.19 .26 .32 .38 .38 .28 .16 .16 .25 .26 .06 .32 .33 .30	미계산(회차별 평균 저장 안 됨)	0.06	0.716015–0.784192	112 159 204 241 235 182 94 89 157 157 38 193 198 178	없음	1249 (odd 625·even 624)	1	qsar/data/fep_m1/pass1/N11_cplx_L3_r2/w00/prod.log
N11	r3	cplxL3	15	.19 .19 .28 .34 .29 .26 .28 .25 .15 .10 .16 .26 .19 .23	미계산(회차별 평균 저장 안 됨)	0.10	0.644167–0.716015	119 119 162 217 191 175 179 164 90 65 92 168 118 145	없음	1249 (odd 625·even 624)	1	qsar/data/fep_m1/pass1/N11_cplx_L3_r3/w00/prod.log
N11	r4	cplxL3	15	.19 .29 .31 .38 .36 .32 .27 .19 .18 .20 .15 .25 .17 .09	미계산(회차별 평균 저장 안 됨)	0.09	0.926249–1	132 182 191 237 249 197 160 123 105 113 100 167 116 54	없음	1249 (odd 625·even 624)	1	qsar/data/fep_m1/pass1/N11_cplx_L3_r4/w00/prod.log
N11	r5	cplxL3	15	.22 .29 .14 .29 .26 .29 .26 .21 .23 .16 .15 .32 .33 .29	미계산(회차별 평균 저장 안 됨)	0.14	0.145451–0.213154	139 181 86 169 165 179 168 133 152 96 90 208 206 188	없음	1249 (odd 625·even 624)	1	qsar/data/fep_m1/pass1/N11_cplx_L3_r5/w00/prod.log
N11	회차 평균(nrep=5)	cplxL3	15	0.222 0.274 0.278 0.332 0.318 0.278 0.238 0.206 0.208 0.168 0.134 0.284 0.268 0.244	미계산	0.134	0.716015–0.784192	미계산	미계산	1249	—	final_report_20260921/replex.json per_leg (쌍별 값을 회차에 걸쳐 평균한 저장값)
N11	r1	solvL1	14	.39 .42 .47 .44 .38 .37 .36 .39 .37 .37 .41 .40 .37	미계산(회차별 평균 저장 안 됨)	0.36	0.438823–0.52126	236 269 286 276 231 244 218 238 239 228 260 259 233	없음	1249 (odd 625·even 624)	1	qsar/data/fep_m1/pass1/N11_solv_L1_r1/w00/prod.log
N11	r2	solvL1	14	.42 .44 .46 .43 .36 .36 .37 .36 .38 .39 .44 .41 .37	미계산(회차별 평균 저장 안 됨)	0.36	0.274365–0.356087 · 0.356087–0.438823 · 0.52126–0.601797	259 259 298 259 230 226 226 220 241 236 268 248 219	없음	1249 (odd 625·even 624)	1	qsar/data/fep_m1/pass1/N11_solv_L1_r2/w00/prod.log
N11	r3	solvL1	14	.41 .42 .46 .41 .37 .35 .38 .36 .41 .40 .41 .42 .34	미계산(회차별 평균 저장 안 됨)	0.34	0.914351–1	254 263 290 258 240 220 233 216 256 240 257 260 199	없음	1249 (odd 625·even 624)	1	qsar/data/fep_m1/pass1/N11_solv_L1_r3/w00/prod.log
N11	r4	solvL1	14	.42 .45 .46 .44 .39 .37 .36 .39 .40 .38 .42 .36 .38	미계산(회차별 평균 저장 안 됨)	0.36	0.438823–0.52126 · 0.83538–0.914351	243 274 282 261 247 229 212 251 245 222 259 226 241	없음	1249 (odd 625·even 624)	1	qsar/data/fep_m1/pass1/N11_solv_L1_r4/w00/prod.log
N11	r5	solvL1	14	.42 .45 .45 .43 .39 .36 .38 .38 .38 .40 .43 .38 .37	미계산(회차별 평균 저장 안 됨)	0.36	0.356087–0.438823	260 294 259 270 232 223 238 241 231 257 271 237 235	없음	1249 (odd 625·even 624)	1	qsar/data/fep_m1/pass1/N11_solv_L1_r5/w00/prod.log
N11	회차 평균(nrep=5)	solvL1	14	0.412 0.436 0.46 0.43 0.378 0.362 0.37 0.376 0.388 0.388 0.422 0.394 0.366	미계산	0.362	0.356087–0.438823	미계산	미계산	1249	—	final_report_20260921/replex.json per_leg (쌍별 값을 회차에 걸쳐 평균한 저장값)
N11	r1	solvL2	12	.34 .36 .43 .46 .44 .48 .51 .48 .40 .45 .47	미계산(회차별 평균 저장 안 됨)	0.34	0–0.095918	212 228 269 282 283 293 317 298 248 275 301	없음	1249 (odd 625·even 624)	1	qsar/data/fep_m1/pass1/N11_solv_L2_r1/w00/prod.log
N11	r2	solvL2	12	.35 .38 .42 .46 .46 .44 .51 .49 .37 .41 .46	미계산(회차별 평균 저장 안 됨)	0.35	0–0.095918	219 234 275 283 268 279 327 295 241 256 293	없음	1249 (odd 625·even 624)	1	qsar/data/fep_m1/pass1/N11_solv_L2_r2/w00/prod.log
N11	r3	solvL2	12	.34 .38 .44 .45 .45 .46 .52 .46 .38 .42 .43	미계산(회차별 평균 저장 안 됨)	0.34	0–0.095918	214 229 281 261 285 270 331 282 250 277 260	없음	1249 (odd 625·even 624)	1	qsar/data/fep_m1/pass1/N11_solv_L2_r3/w00/prod.log
N11	r4	solvL2	12	.34 .37 .43 .44 .43 .47 .53 .48 .36 .43 .43	미계산(회차별 평균 저장 안 됨)	0.34	0–0.095918	224 238 263 273 269 281 321 292 236 275 265	없음	1249 (odd 625·even 624)	1	qsar/data/fep_m1/pass1/N11_solv_L2_r4/w00/prod.log
N11	r5	solvL2	12	.32 .37 .43 .44 .44 .45 .50 .47 .37 .43 .45	미계산(회차별 평균 저장 안 됨)	0.32	0–0.095918	204 229 271 258 272 281 305 287 218 295 287	없음	1249 (odd 625·even 624)	1	qsar/data/fep_m1/pass1/N11_solv_L2_r5/w00/prod.log
N11	회차 평균(nrep=5)	solvL2	12	0.338 0.372 0.43 0.45 0.444 0.46 0.514 0.476 0.376 0.428 0.448	미계산	0.338	0–0.095918	미계산	미계산	1249	—	final_report_20260921/replex.json per_leg (쌍별 값을 회차에 걸쳐 평균한 저장값)
N11	r1	solvL3	21	.42 .43 .39 .43 .38 .38 .45 .43 .41 .42 .41 .40 .40 .35 .31 .27 .27 .27 .34 .33	미계산(회차별 평균 저장 안 됨)	0.27	0.741241–0.794976 · 0.794976–0.847445 · 0.847445–0.898843	262 251 259 273 234 232 289 268 255 255 248 262 239 224 187 166 165 161 210 215	없음	1249 (odd 625·even 624)	1	qsar/data/fep_m1/pass1/N11_solv_L3_r1/w00/prod.log
N11	r2	solvL3	21	.40 .43 .43 .38 .39 .39 .40 .42 .44 .44 .40 .42 .36 .33 .32 .30 .27 .31 .32 .33	미계산(회차별 평균 저장 안 됨)	0.27	0.794976–0.847445	240 274 257 245 249 243 262 259 277 291 252 264 227 212 195 180 166 196 202 209	없음	1249 (odd 625·even 624)	1	qsar/data/fep_m1/pass1/N11_solv_L3_r2/w00/prod.log
N11	r3	solvL3	21	.41 .43 .41 .42 .37 .40 .40 .44 .45 .42 .43 .41 .37 .33 .32 .28 .30 .29 .30 .32	미계산(회차별 평균 저장 안 됨)	0.28	0.741241–0.794976	260 263 248 251 245 260 243 267 291 276 284 255 239 199 206 177 186 173 202 208	없음	1249 (odd 625·even 624)	1	qsar/data/fep_m1/pass1/N11_solv_L3_r3/w00/prod.log
N11	r4	solvL3	21	.39 .42 .39 .43 .40 .40 .43 .44 .44 .43 .42 .37 .37 .35 .32 .29 .31 .35 .32 .32	미계산(회차별 평균 저장 안 됨)	0.29	0.741241–0.794976	235 261 239 265 244 244 267 262 266 280 270 237 232 214 186 174 194 225 193 193	없음	1249 (odd 625·even 624)	1	qsar/data/fep_m1/pass1/N11_solv_L3_r4/w00/prod.log
N11	r5	solvL3	21	.40 .41 .42 .39 .36 .39 .41 .44 .46 .41 .40 .43 .39 .33 .31 .27 .30 .28 .28 .31	미계산(회차별 평균 저장 안 됨)	0.27	0.741241–0.794976	245 247 267 232 221 241 260 269 306 247 250 260 244 215 179 157 178 183 168 193	없음	1249 (odd 625·even 624)	1	qsar/data/fep_m1/pass1/N11_solv_L3_r5/w00/prod.log
N11	회차 평균(nrep=5)	solvL3	21	0.404 0.424 0.408 0.41 0.38 0.392 0.418 0.434 0.44 0.424 0.412 0.406 0.378 0.338 0.316 0.282 0.29 0.3 0.312 0.322	미계산	0.28200000000000003	0.741241–0.794976	미계산	미계산	1249	—	final_report_20260921/replex.json per_leg (쌍별 값을 회차에 걸쳐 평균한 저장값)
N12	r1	cplxL1	4	.17 .46 .44	미계산(회차별 평균 저장 안 됨)	0.17	0–0.304184	101 279 285	없음	1249 (odd 625·even 624)	1	qsar/data/fep_m1/pass1/N12_cplx_L1_r1/w00/prod.log
N12	r2	cplxL1	4	.15 .40 .42	미계산(회차별 평균 저장 안 됨)	0.15	0–0.304184	87 235 265	없음	1249 (odd 625·even 624)	1	qsar/data/fep_m1/pass1/N12_cplx_L1_r2/w00/prod.log
N12	r3	cplxL1	4	.36 .40 .46	미계산(회차별 평균 저장 안 됨)	0.36	0–0.304184	235 251 278	없음	1249 (odd 625·even 624)	1	qsar/data/fep_m1/pass1/N12_cplx_L1_r3/w00/prod.log
N12	r4	cplxL1	4	.29 .30 .30	미계산(회차별 평균 저장 안 됨)	0.29	0–0.304184	187 190 185	없음	1249 (odd 625·even 624)	1	qsar/data/fep_m1/pass1/N12_cplx_L1_r4/w00/prod.log
N12	r5	cplxL1	4	.35 .42 .40	미계산(회차별 평균 저장 안 됨)	0.35	0–0.304184	210 266 265	없음	1249 (odd 625·even 624)	1	qsar/data/fep_m1/pass1/N12_cplx_L1_r5/w00/prod.log
N12	회차 평균(nrep=5)	cplxL1	4	0.264 0.396 0.404	미계산	0.26399999999999996	0–0.304184	미계산	미계산	1249	—	final_report_20260921/replex.json per_leg (쌍별 값을 회차에 걸쳐 평균한 저장값)
N12	r1	cplxL2	8	.48 .44 .46 .46 .49 .52 .55	미계산(회차별 평균 저장 안 됨)	0.44	0.171806–0.370663	282 284 289 288 311 324 354	없음	1249 (odd 625·even 624)	1	qsar/data/fep_m1/pass1/N12_cplx_L2_r1/w00/prod.log
N12	r2	cplxL2	8	.47 .44 .47 .46 .44 .50 .52	미계산(회차별 평균 저장 안 됨)	0.44	0.171806–0.370663 · 0.684038–0.801037	293 252 290 295 276 315 331	없음	1249 (odd 625·even 624)	1	qsar/data/fep_m1/pass1/N12_cplx_L2_r2/w00/prod.log
N12	r3	cplxL2	8	.47 .44 .45 .46 .47 .48 .49	미계산(회차별 평균 저장 안 됨)	0.44	0.171806–0.370663	285 278 281 298 289 315 303	없음	1249 (odd 625·even 624)	1	qsar/data/fep_m1/pass1/N12_cplx_L2_r3/w00/prod.log
N12	r4	cplxL2	8	.48 .44 .44 .44 .46 .47 .50	미계산(회차별 평균 저장 안 됨)	0.44	0.171806–0.370663 · 0.370663–0.544485 · 0.544485–0.684038	297 293 263 282 296 300 331	없음	1249 (odd 625·even 624)	1	qsar/data/fep_m1/pass1/N12_cplx_L2_r4/w00/prod.log
N12	r5	cplxL2	8	.51 .45 .43 .47 .45 .47 .51	미계산(회차별 평균 저장 안 됨)	0.43	0.370663–0.544485	327 275 268 289 291 298 317	없음	1249 (odd 625·even 624)	1	qsar/data/fep_m1/pass1/N12_cplx_L2_r5/w00/prod.log
N12	회차 평균(nrep=5)	cplxL2	8	0.482 0.442 0.45 0.458 0.462 0.488 0.514	미계산	0.442	0.171806–0.370663	미계산	미계산	1249	—	final_report_20260921/replex.json per_leg (쌍별 값을 회차에 걸쳐 평균한 저장값)
N12	r1	cplxL3	4	.26 .47 .50	미계산(회차별 평균 저장 안 됨)	0.26	0–0.379561	164 280 303	없음	1249 (odd 625·even 624)	1	qsar/data/fep_m1/pass1/N12_cplx_L3_r1/w00/prod.log
N12	r2	cplxL3	4	.29 .46 .46	미계산(회차별 평균 저장 안 됨)	0.29	0–0.379561	178 284 294	없음	1249 (odd 625·even 624)	1	qsar/data/fep_m1/pass1/N12_cplx_L3_r2/w00/prod.log
N12	r3	cplxL3	4	.31 .39 .40	미계산(회차별 평균 저장 안 됨)	0.31	0–0.379561	208 250 258	없음	1249 (odd 625·even 624)	1	qsar/data/fep_m1/pass1/N12_cplx_L3_r3/w00/prod.log
N12	r4	cplxL3	4	.19 .45 .48	미계산(회차별 평균 저장 안 됨)	0.19	0–0.379561	111 290 302	없음	1249 (odd 625·even 624)	1	qsar/data/fep_m1/pass1/N12_cplx_L3_r4/w00/prod.log
N12	r5	cplxL3	4	.26 .42 .50	미계산(회차별 평균 저장 안 됨)	0.26	0–0.379561	165 262 306	없음	1249 (odd 625·even 624)	1	qsar/data/fep_m1/pass1/N12_cplx_L3_r5/w00/prod.log
N12	회차 평균(nrep=5)	cplxL3	4	0.262 0.438 0.468	미계산	0.262	0–0.379561	미계산	미계산	1249	—	final_report_20260921/replex.json per_leg (쌍별 값을 회차에 걸쳐 평균한 저장값)
N12	r1	solvL1	5	.39 .42 .35 .41	미계산(회차별 평균 저장 안 됨)	0.35	0.458323–0.748377	228 258 219 252	없음	1249 (odd 625·even 624)	1	qsar/data/fep_m1/pass1/N12_solv_L1_r1/w00/prod.log
N12	r2	solvL1	5	.37 .48 .39 .42	미계산(회차별 평균 저장 안 됨)	0.37	0–0.23424	220 282 239 263	없음	1249 (odd 625·even 624)	1	qsar/data/fep_m1/pass1/N12_solv_L1_r2/w00/prod.log
N12	r3	solvL1	5	.35 .44 .39 .43	미계산(회차별 평균 저장 안 됨)	0.35	0–0.23424	212 276 239 286	없음	1249 (odd 625·even 624)	1	qsar/data/fep_m1/pass1/N12_solv_L1_r3/w00/prod.log
N12	r4	solvL1	5	.36 .43 .35 .39	미계산(회차별 평균 저장 안 됨)	0.35	0.458323–0.748377	221 254 216 246	없음	1249 (odd 625·even 624)	1	qsar/data/fep_m1/pass1/N12_solv_L1_r4/w00/prod.log
N12	r5	solvL1	5	.36 .45 .39 .38	미계산(회차별 평균 저장 안 됨)	0.36	0–0.23424	227 290 250 231	없음	1249 (odd 625·even 624)	1	qsar/data/fep_m1/pass1/N12_solv_L1_r5/w00/prod.log
N12	회차 평균(nrep=5)	solvL1	5	0.366 0.444 0.374 0.406	미계산	0.36599999999999994	0–0.23424	미계산	미계산	1249	—	final_report_20260921/replex.json per_leg (쌍별 값을 회차에 걸쳐 평균한 저장값)
N12	r1	solvL2	8	.43 .38 .40 .45 .47 .57 .62	미계산(회차별 평균 저장 안 됨)	0.38	0.194327–0.413992	267 238 250 277 300 352 382	없음	1249 (odd 625·even 624)	1	qsar/data/fep_m1/pass1/N12_solv_L2_r1/w00/prod.log
N12	r2	solvL2	8	.43 .38 .42 .45 .43 .57 .64	미계산(회차별 평균 저장 안 됨)	0.38	0.194327–0.413992	282 242 275 265 270 349 401	없음	1249 (odd 625·even 624)	1	qsar/data/fep_m1/pass1/N12_solv_L2_r2/w00/prod.log
N12	r3	solvL2	8	.45 .36 .40 .48 .44 .56 .62	미계산(회차별 평균 저장 안 됨)	0.36	0.194327–0.413992	278 224 248 302 270 353 395	없음	1249 (odd 625·even 624)	1	qsar/data/fep_m1/pass1/N12_solv_L2_r3/w00/prod.log
N12	r4	solvL2	8	.41 .38 .39 .45 .43 .56 .63	미계산(회차별 평균 저장 안 됨)	0.38	0.194327–0.413992	234 222 250 260 275 346 408	없음	1249 (odd 625·even 624)	1	qsar/data/fep_m1/pass1/N12_solv_L2_r4/w00/prod.log
N12	r5	solvL2	8	.43 .42 .41 .45 .43 .57 .64	미계산(회차별 평균 저장 안 됨)	0.41	0.413992–0.582918	282 268 261 273 271 364 406	없음	1249 (odd 625·even 624)	1	qsar/data/fep_m1/pass1/N12_solv_L2_r5/w00/prod.log
N12	회차 평균(nrep=5)	solvL2	8	0.43 0.384 0.404 0.456 0.44 0.566 0.63	미계산	0.384	0.194327–0.413992	미계산	미계산	1249	—	final_report_20260921/replex.json per_leg (쌍별 값을 회차에 걸쳐 평균한 저장값)
N12	r1	solvL3	5	.46 .46 .36 .39	미계산(회차별 평균 저장 안 됨)	0.36	0.505166–0.766914	280 281 222 257	없음	1249 (odd 625·even 624)	1	qsar/data/fep_m1/pass1/N12_solv_L3_r1/w00/prod.log
N12	r2	solvL3	5	.45 .47 .39 .43	미계산(회차별 평균 저장 안 됨)	0.39	0.505166–0.766914	278 298 252 268	없음	1249 (odd 625·even 624)	1	qsar/data/fep_m1/pass1/N12_solv_L3_r2/w00/prod.log
N12	r3	solvL3	5	.47 .49 .39 .46	미계산(회차별 평균 저장 안 됨)	0.39	0.505166–0.766914	294 305 260 290	없음	1249 (odd 625·even 624)	1	qsar/data/fep_m1/pass1/N12_solv_L3_r3/w00/prod.log
N12	r4	solvL3	5	.44 .49 .36 .42	미계산(회차별 평균 저장 안 됨)	0.36	0.505166–0.766914	284 282 223 252	없음	1249 (odd 625·even 624)	1	qsar/data/fep_m1/pass1/N12_solv_L3_r4/w00/prod.log
N12	r5	solvL3	5	.47 .45 .39 .44	미계산(회차별 평균 저장 안 됨)	0.39	0.505166–0.766914	301 268 252 271	없음	1249 (odd 625·even 624)	1	qsar/data/fep_m1/pass1/N12_solv_L3_r5/w00/prod.log
N12	회차 평균(nrep=5)	solvL3	5	0.458 0.472 0.378 0.428	미계산	0.378	0.505166–0.766914	미계산	미계산	1249	—	final_report_20260921/replex.json per_leg (쌍별 값을 회차에 걸쳐 평균한 저장값)
N13	r1	cplxL1	10	.35 .36 .27 .29 .40 .36 .30 .29 .27	미계산(회차별 평균 저장 안 됨)	0.27	0.184299–0.2919 · 0.844653–1	226 240 170 183 250 217 185 181 177	없음	1249 (odd 625·even 624)	1	qsar/data/fep_m1/pass1/N13_cplx_L1_r1/w00/prod.log
N13	r2	cplxL1	10	.35 .31 .26 .29 .43 .38 .28 .25 .27	미계산(회차별 평균 저장 안 됨)	0.25	0.705926–0.844653	222 201 163 178 272 239 176 160 164	없음	1249 (odd 625·even 624)	1	qsar/data/fep_m1/pass1/N13_cplx_L1_r2/w00/prod.log
N13	r3	cplxL1	10	.35 .34 .29 .26 .41 .36 .31 .28 .28	미계산(회차별 평균 저장 안 됨)	0.26	0.2919–0.400882	214 221 171 149 256 233 206 170 169	없음	1249 (odd 625·even 624)	1	qsar/data/fep_m1/pass1/N13_cplx_L1_r3/w00/prod.log
N13	r4	cplxL1	10	.34 .29 .30 .30 .37 .35 .30 .30 .31	미계산(회차별 평균 저장 안 됨)	0.29	0.088156–0.184299	209 184 192 188 227 207 193 182 189	없음	1249 (odd 625·even 624)	1	qsar/data/fep_m1/pass1/N13_cplx_L1_r4/w00/prod.log
N13	r5	cplxL1	10	.38 .32 .28 .27 .41 .37 .31 .24 .31	미계산(회차별 평균 저장 안 됨)	0.24	0.705926–0.844653	219 193 177 176 258 229 183 148 197	없음	1249 (odd 625·even 624)	1	qsar/data/fep_m1/pass1/N13_cplx_L1_r5/w00/prod.log
N13	회차 평균(nrep=5)	cplxL1	10	0.354 0.324 0.28 0.282 0.404 0.364 0.3 0.272 0.288	미계산	0.272	0.705926–0.844653	미계산	미계산	1249	—	final_report_20260921/replex.json per_leg (쌍별 값을 회차에 걸쳐 평균한 저장값)
N13	r1	cplxL2	17	.40 .43 .45 .48 .47 .45 .43 .40 .42 .43 .45 .46 .44 .43 .43 .42	미계산(회차별 평균 저장 안 됨)	0.40	0–0.081221 · 0.4923–0.558986	242 270 302 297 296 293 278 259 262 257 289 278 272 275 264 259	없음	1249 (odd 625·even 624)	1	qsar/data/fep_m1/pass1/N13_cplx_L2_r1/w00/prod.log
N13	r2	cplxL2	17	.37 .42 .44 .48 .43 .46 .43 .42 .41 .43 .46 .47 .44 .47 .41 .39	미계산(회차별 평균 저장 안 됨)	0.37	0–0.081221	240 266 269 300 271 282 269 271 249 281 272 280 259 296 251 245	없음	1249 (odd 625·even 624)	1	qsar/data/fep_m1/pass1/N13_cplx_L2_r2/w00/prod.log
N13	r3	cplxL2	17	.41 .42 .45 .48 .45 .46 .42 .40 .39 .41 .42 .47 .44 .42 .41 .41	미계산(회차별 평균 저장 안 됨)	0.39	0.558986–0.624764	248 260 257 300 268 286 251 255 240 250 256 281 268 261 255 255	없음	1249 (odd 625·even 624)	1	qsar/data/fep_m1/pass1/N13_cplx_L2_r3/w00/prod.log
N13	r4	cplxL2	17	.39 .42 .42 .47 .46 .45 .44 .40 .42 .44 .42 .47 .45 .44 .41 .40	미계산(회차별 평균 저장 안 됨)	0.39	0–0.081221	232 253 260 290 299 269 259 250 262 281 273 285 292 285 263 249	없음	1249 (odd 625·even 624)	1	qsar/data/fep_m1/pass1/N13_cplx_L2_r4/w00/prod.log
N13	r5	cplxL2	17	.40 .39 .46 .49 .45 .45 .44 .42 .38 .43 .45 .45 .47 .44 .42 .40	미계산(회차별 평균 저장 안 됨)	0.38	0.558986–0.624764	258 245 297 311 287 291 268 249 233 268 282 281 307 269 247 251	없음	1249 (odd 625·even 624)	1	qsar/data/fep_m1/pass1/N13_cplx_L2_r5/w00/prod.log
N13	회차 평균(nrep=5)	cplxL2	17	0.394 0.416 0.444 0.48 0.452 0.454 0.432 0.408 0.404 0.428 0.44 0.464 0.448 0.44 0.416 0.404	미계산	0.39399999999999996	0–0.081221	미계산	미계산	1249	—	final_report_20260921/replex.json per_leg (쌍별 값을 회차에 걸쳐 평균한 저장값)
N13	r1	cplxL3	10	.34 .38 .29 .30 .25 .29 .30 .30 .35	미계산(회차별 평균 저장 안 됨)	0.25	0.440072–0.56746	208 224 178 191 160 173 199 183 219	없음	1249 (odd 625·even 624)	1	qsar/data/fep_m1/pass1/N13_cplx_L3_r1/w00/prod.log
N13	r2	cplxL3	10	.23 .43 .28 .28 .31 .30 .34 .32 .27	미계산(회차별 평균 저장 안 됨)	0.23	0–0.074855	144 261 172 162 181 179 199 202 166	없음	1249 (odd 625·even 624)	1	qsar/data/fep_m1/pass1/N13_cplx_L3_r2/w00/prod.log
N13	r3	cplxL3	10	.36 .40 .26 .25 .30 .33 .31 .32 .30	미계산(회차별 평균 저장 안 됨)	0.25	0.306748–0.440072	226 250 161 167 182 219 192 198 189	없음	1249 (odd 625·even 624)	1	qsar/data/fep_m1/pass1/N13_cplx_L3_r3/w00/prod.log
N13	r4	cplxL3	10	.33 .42 .29 .28 .28 .30 .33 .30 .37	미계산(회차별 평균 저장 안 됨)	0.28	0.306748–0.440072 · 0.440072–0.56746	193 256 185 167 170 182 202 183 231	없음	1249 (odd 625·even 624)	1	qsar/data/fep_m1/pass1/N13_cplx_L3_r4/w00/prod.log
N13	r5	cplxL3	10	.32 .37 .25 .29 .25 .32 .30 .31 .28	미계산(회차별 평균 저장 안 됨)	0.25	0.16814–0.306748 · 0.440072–0.56746	203 230 158 177 152 185 194 192 179	없음	1249 (odd 625·even 624)	1	qsar/data/fep_m1/pass1/N13_cplx_L3_r5/w00/prod.log
N13	회차 평균(nrep=5)	cplxL3	10	0.316 0.4 0.274 0.28 0.278 0.308 0.316 0.31 0.314	미계산	0.274	0.16814–0.306748	미계산	미계산	1249	—	final_report_20260921/replex.json per_leg (쌍별 값을 회차에 걸쳐 평균한 저장값)
N13	r1	solvL1	12	.39 .44 .41 .42 .41 .41 .38 .38 .37 .38 .40	미계산(회차별 평균 저장 안 됨)	0.37	0.68702–0.78757	252 276 238 267 258 266 226 243 218 225 257	없음	1249 (odd 625·even 624)	1	qsar/data/fep_m1/pass1/N13_solv_L1_r1/w00/prod.log
N13	r2	solvL1	12	.44 .41 .40 .44 .42 .38 .38 .39 .35 .36 .42	미계산(회차별 평균 저장 안 됨)	0.35	0.68702–0.78757	270 251 254 279 262 238 224 242 221 226 272	없음	1249 (odd 625·even 624)	1	qsar/data/fep_m1/pass1/N13_solv_L1_r2/w00/prod.log
N13	r3	solvL1	12	.44 .38 .45 .41 .44 .41 .40 .37 .37 .35 .38	미계산(회차별 평균 저장 안 됨)	0.35	0.78757–0.893878	284 226 271 264 275 260 237 229 238 220 243	없음	1249 (odd 625·even 624)	1	qsar/data/fep_m1/pass1/N13_solv_L1_r3/w00/prod.log
N13	r4	solvL1	12	.44 .41 .42 .44 .41 .39 .38 .37 .36 .34 .40	미계산(회차별 평균 저장 안 됨)	0.34	0.78757–0.893878	278 248 250 270 246 236 228 238 220 216 252	없음	1249 (odd 625·even 624)	1	qsar/data/fep_m1/pass1/N13_solv_L1_r4/w00/prod.log
N13	r5	solvL1	12	.41 .41 .42 .41 .39 .40 .36 .37 .37 .35 .42	미계산(회차별 평균 저장 안 됨)	0.35	0.78757–0.893878	263 257 263 249 230 254 236 232 229 211 266	없음	1249 (odd 625·even 624)	1	qsar/data/fep_m1/pass1/N13_solv_L1_r5/w00/prod.log
N13	회차 평균(nrep=5)	solvL1	12	0.424 0.41 0.42 0.424 0.414 0.398 0.38 0.376 0.364 0.356 0.404	미계산	0.356	0.78757–0.893878	미계산	미계산	1249	—	final_report_20260921/replex.json per_leg (쌍별 값을 회차에 걸쳐 평균한 저장값)
N13	r1	solvL2	16	.38 .39 .36 .35 .37 .37 .40 .38 .40 .39 .38 .39 .40 .40 .40	미계산(회차별 평균 저장 안 됨)	0.35	0.243976–0.323908	225 242 231 220 219 229 248 251 243 246 239 235 262 248 261	없음	1249 (odd 625·even 624)	1	qsar/data/fep_m1/pass1/N13_solv_L2_r1/w00/prod.log
N13	r2	solvL2	16	.39 .37 .35 .34 .38 .41 .38 .42 .37 .39 .41 .41 .43 .41 .40	미계산(회차별 평균 저장 안 됨)	0.34	0.243976–0.323908	244 234 209 200 228 263 224 273 238 253 259 271 272 268 246	없음	1249 (odd 625·even 624)	1	qsar/data/fep_m1/pass1/N13_solv_L2_r2/w00/prod.log
N13	r3	solvL2	16	.37 .37 .35 .37 .41 .38 .39 .39 .39 .39 .38 .41 .40 .44 .43	미계산(회차별 평균 저장 안 됨)	0.35	0.161737–0.243976	233 248 224 221 242 247 245 249 266 250 243 247 252 274 269	없음	1249 (odd 625·even 624)	1	qsar/data/fep_m1/pass1/N13_solv_L2_r3/w00/prod.log
N13	r4	solvL2	16	.37 .40 .37 .34 .35 .41 .40 .37 .40 .40 .40 .39 .42 .44 .43	미계산(회차별 평균 저장 안 됨)	0.34	0.243976–0.323908	244 256 226 218 214 266 246 223 260 248 251 243 270 265 265	없음	1249 (odd 625·even 624)	1	qsar/data/fep_m1/pass1/N13_solv_L2_r4/w00/prod.log
N13	r5	solvL2	16	.40 .37 .37 .32 .36 .42 .37 .38 .41 .38 .37 .42 .42 .41 .42	미계산(회차별 평균 저장 안 됨)	0.32	0.243976–0.323908	244 229 225 206 215 265 221 241 264 238 224 261 262 265 254	없음	1249 (odd 625·even 624)	1	qsar/data/fep_m1/pass1/N13_solv_L2_r5/w00/prod.log
N13	회차 평균(nrep=5)	solvL2	16	0.382 0.38 0.36 0.344 0.374 0.398 0.388 0.388 0.394 0.39 0.388 0.404 0.414 0.42 0.416	미계산	0.34400000000000003	0.243976–0.323908	미계산	미계산	1249	—	final_report_20260921/replex.json per_leg (쌍별 값을 회차에 걸쳐 평균한 저장값)
N13	r1	solvL3	12	.31 .45 .46 .38 .38 .39 .36 .36 .41 .40 .39	미계산(회차별 평균 저장 안 됨)	0.31	0–0.063792	189 265 292 233 227 255 230 234 258 248 231	없음	1249 (odd 625·even 624)	1	qsar/data/fep_m1/pass1/N13_solv_L3_r1/w00/prod.log
N13	r2	solvL3	12	.34 .47 .44 .40 .36 .37 .35 .41 .47 .41 .37	미계산(회차별 평균 저장 안 됨)	0.34	0–0.063792	215 299 267 251 221 222 223 246 306 255 231	없음	1249 (odd 625·even 624)	1	qsar/data/fep_m1/pass1/N13_solv_L3_r2/w00/prod.log
N13	r3	solvL3	12	.39 .42 .45 .36 .39 .34 .33 .39 .46 .43 .32	미계산(회차별 평균 저장 안 됨)	0.32	0.900101–1	253 264 279 223 245 217 222 257 275 269 193	없음	1249 (odd 625·even 624)	1	qsar/data/fep_m1/pass1/N13_solv_L3_r3/w00/prod.log
N13	r4	solvL3	12	.33 .44 .42 .38 .37 .35 .35 .40 .43 .41 .39	미계산(회차별 평균 저장 안 됨)	0.33	0–0.063792	207 265 265 253 234 223 219 237 269 263 268	없음	1249 (odd 625·even 624)	1	qsar/data/fep_m1/pass1/N13_solv_L3_r4/w00/prod.log
N13	r5	solvL3	12	.37 .47 .45 .39 .35 .38 .37 .40 .44 .44 .35	미계산(회차별 평균 저장 안 됨)	0.35	0.317593–0.41731 · 0.900101–1	226 300 283 236 220 227 236 245 278 279 220	없음	1249 (odd 625·even 624)	1	qsar/data/fep_m1/pass1/N13_solv_L3_r5/w00/prod.log
N13	회차 평균(nrep=5)	solvL3	12	0.348 0.45 0.444 0.382 0.37 0.366 0.352 0.392 0.442 0.418 0.364	미계산	0.34800000000000003	0–0.063792	미계산	미계산	1249	—	final_report_20260921/replex.json per_leg (쌍별 값을 회차에 걸쳐 평균한 저장값)
N14	r1	cplxL1	13	.32 .30 .28 .37 .42 .42 .43 .40 .32 .25 .33 .33	미계산(회차별 평균 저장 안 됨)	0.25	0.737731–0.828622	200 180 176 224 254 273 266 252 207 146 206 206	없음	1249 (odd 625·even 624)	1	qsar/data/fep_m1/pass1/N14_cplx_L1_r1/w00/prod.log
N14	r2	cplxL1	13	.30 .33 .34 .33 .40 .43 .39 .36 .27 .25 .29 .33	미계산(회차별 평균 저장 안 됨)	0.25	0.737731–0.828622	194 201 225 212 258 267 244 231 173 159 179 199	없음	1249 (odd 625·even 624)	1	qsar/data/fep_m1/pass1/N14_cplx_L1_r2/w00/prod.log
N14	r3	cplxL1	13	.29 .24 .30 .34 .39 .39 .38 .38 .37 .32 .30 .38	미계산(회차별 평균 저장 안 됨)	0.24	0.091026–0.179752	188 149 192 212 239 245 233 235 241 205 195 227	없음	1249 (odd 625·even 624)	1	qsar/data/fep_m1/pass1/N14_cplx_L1_r3/w00/prod.log
N14	r4	cplxL1	13	.32 .33 .33 .32 .37 .43 .39 .39 .38 .26 .29 .28	미계산(회차별 평균 저장 안 됨)	0.26	0.737731–0.828622	201 195 213 189 217 292 255 239 237 154 183 178	없음	1249 (odd 625·even 624)	1	qsar/data/fep_m1/pass1/N14_cplx_L1_r4/w00/prod.log
N14	r5	cplxL1	13	.35 .33 .36 .38 .43 .41 .38 .40 .34 .31 .33 .38	미계산(회차별 평균 저장 안 됨)	0.31	0.737731–0.828622	210 184 248 249 281 262 226 254 234 186 209 231	없음	1249 (odd 625·even 624)	1	qsar/data/fep_m1/pass1/N14_cplx_L1_r5/w00/prod.log
N14	회차 평균(nrep=5)	cplxL1	13	0.316 0.306 0.322 0.348 0.402 0.416 0.394 0.386 0.336 0.278 0.308 0.34	미계산	0.278	0.737731–0.828622	미계산	미계산	1249	—	final_report_20260921/replex.json per_leg (쌍별 값을 회차에 걸쳐 평균한 저장값)
N14	r1	cplxL2	14	.39 .38 .41 .43 .33 .26 .30 .36 .36 .39 .41 .37 .36	미계산(회차별 평균 저장 안 됨)	0.26	0.403396–0.492011	244 227 260 267 209 158 187 230 218 248 252 227 232	없음	1249 (odd 625·even 624)	1	qsar/data/fep_m1/pass1/N14_cplx_L2_r1/w00/prod.log
N14	r2	cplxL2	14	.39 .42 .43 .43 .33 .28 .33 .36 .35 .40 .37 .36 .32	미계산(회차별 평균 저장 안 됨)	0.28	0.403396–0.492011	264 253 273 271 204 182 206 235 211 247 232 222 201	없음	1249 (odd 625·even 624)	1	qsar/data/fep_m1/pass1/N14_cplx_L2_r2/w00/prod.log
N14	r3	cplxL2	14	.40 .42 .46 .43 .34 .25 .33 .40 .40 .42 .40 .41 .37	미계산(회차별 평균 저장 안 됨)	0.25	0.403396–0.492011	254 268 294 267 211 145 212 243 240 259 259 255 241	없음	1249 (odd 625·even 624)	1	qsar/data/fep_m1/pass1/N14_cplx_L2_r3/w00/prod.log
N14	r4	cplxL2	14	.37 .43 .43 .43 .35 .28 .31 .31 .40 .42 .40 .39 .35	미계산(회차별 평균 저장 안 됨)	0.28	0.403396–0.492011	227 253 259 273 225 172 193 204 258 253 260 258 211	없음	1249 (odd 625·even 624)	1	qsar/data/fep_m1/pass1/N14_cplx_L2_r4/w00/prod.log
N14	r5	cplxL2	14	.38 .40 .43 .40 .35 .24 .31 .32 .37 .39 .38 .36 .37	미계산(회차별 평균 저장 안 됨)	0.24	0.403396–0.492011	235 253 277 245 227 152 196 195 240 239 224 223 248	없음	1249 (odd 625·even 624)	1	qsar/data/fep_m1/pass1/N14_cplx_L2_r5/w00/prod.log
N14	회차 평균(nrep=5)	cplxL2	14	0.386 0.41 0.432 0.424 0.34 0.262 0.316 0.35 0.376 0.404 0.392 0.378 0.354	미계산	0.262	0.403396–0.492011	미계산	미계산	1249	—	final_report_20260921/replex.json per_leg (쌍별 값을 회차에 걸쳐 평균한 저장값)
N14	r1	cplxL3	15	.33 .35 .31 .26 .30 .36 .38 .31 .17 .14 .19 .24 .17 .20	미계산(회차별 평균 저장 안 됨)	0.14	0.601368–0.692206	205 216 194 168 176 238 246 194 98 92 123 156 115 116	없음	1249 (odd 625·even 624)	1	qsar/data/fep_m1/pass1/N14_cplx_L3_r1/w00/prod.log
N14	r2	cplxL3	15	.32 .36 .31 .36 .27 .33 .32 .31 .17 .12 .13 .23 .21 .20	미계산(회차별 평균 저장 안 됨)	0.12	0.601368–0.692206	196 238 196 232 170 202 202 193 103 78 78 137 134 119	없음	1249 (odd 625·even 624)	1	qsar/data/fep_m1/pass1/N14_cplx_L3_r2/w00/prod.log
N14	r3	cplxL3	15	.34 .40 .39 .33 .29 .28 .32 .29 .19 .15 .11 .10 .17 .23	미계산(회차별 평균 저장 안 됨)	0.10	0.778459–0.858252	219 253 241 200 167 163 198 186 113 90 71 63 104 142	없음	1249 (odd 625·even 624)	1	qsar/data/fep_m1/pass1/N14_cplx_L3_r3/w00/prod.log
N14	r4	cplxL3	15	.22 .30 .34 .39 .38 .36 .34 .25 .08 .25 .19 .27 .18 .16	미계산(회차별 평균 저장 안 됨)	0.08	0.510892–0.601368	152 207 198 249 242 227 205 152 39 164 127 176 113 106	없음	1249 (odd 625·even 624)	1	qsar/data/fep_m1/pass1/N14_cplx_L3_r4/w00/prod.log
N14	r5	cplxL3	15	.27 .34 .32 .34 .32 .29 .38 .35 .21 .13 .24 .23 .06 .17	미계산(회차별 평균 저장 안 됨)	0.06	0.858252–0.931449	160 215 206 221 203 187 243 231 139 80 154 141 34 100	없음	1249 (odd 625·even 624)	1	qsar/data/fep_m1/pass1/N14_cplx_L3_r5/w00/prod.log
N14	회차 평균(nrep=5)	cplxL3	15	0.296 0.35 0.334 0.336 0.312 0.324 0.348 0.302 0.164 0.158 0.172 0.214 0.158 0.192	미계산	0.158	0.601368–0.692206	미계산	미계산	1249	—	final_report_20260921/replex.json per_leg (쌍별 값을 회차에 걸쳐 평균한 저장값)
N14	r1	solvL1	15	.37 .42 .39 .39 .41 .44 .41 .41 .40 .35 .37 .38 .40 .47	미계산(회차별 평균 저장 안 됨)	0.35	0.633826–0.710904	227 252 241 241 261 283 260 249 262 215 231 250 233 296	없음	1249 (odd 625·even 624)	1	qsar/data/fep_m1/pass1/N14_solv_L1_r1/w00/prod.log
N14	r2	solvL1	15	.40 .37 .37 .39 .44 .43 .41 .39 .40 .36 .37 .36 .40 .44	미계산(회차별 평균 저장 안 됨)	0.36	0.633826–0.710904 · 0.789236–0.866858	256 228 231 237 265 278 240 237 249 218 226 223 242 295	없음	1249 (odd 625·even 624)	1	qsar/data/fep_m1/pass1/N14_solv_L1_r2/w00/prod.log
N14	r3	solvL1	15	.38 .41 .37 .40 .46 .44 .44 .40 .41 .38 .37 .36 .42 .47	미계산(회차별 평균 저장 안 됨)	0.36	0.789236–0.866858	251 240 214 251 286 273 269 256 254 251 230 202 270 295	없음	1249 (odd 625·even 624)	1	qsar/data/fep_m1/pass1/N14_solv_L1_r3/w00/prod.log
N14	r4	solvL1	15	.41 .39 .40 .40 .45 .44 .45 .41 .42 .38 .36 .36 .41 .43	미계산(회차별 평균 저장 안 됨)	0.36	0.710904–0.789236 · 0.789236–0.866858	265 242 243 250 286 274 303 256 262 228 229 221 261 270	없음	1249 (odd 625·even 624)	1	qsar/data/fep_m1/pass1/N14_solv_L1_r4/w00/prod.log
N14	r5	solvL1	15	.38 .39 .39 .40 .44 .44 .42 .41 .41 .36 .35 .36 .41 .46	미계산(회차별 평균 저장 안 됨)	0.35	0.710904–0.789236	232 248 231 257 270 268 249 264 257 219 214 222 241 292	없음	1249 (odd 625·even 624)	1	qsar/data/fep_m1/pass1/N14_solv_L1_r5/w00/prod.log
N14	회차 평균(nrep=5)	solvL1	15	0.388 0.396 0.384 0.396 0.44 0.438 0.426 0.404 0.408 0.366 0.364 0.364 0.408 0.454	미계산	0.364	0.710904–0.789236	미계산	미계산	1249	—	final_report_20260921/replex.json per_leg (쌍별 값을 회차에 걸쳐 평균한 저장값)
N14	r1	solvL2	16	.53 .47 .44 .42 .47 .48 .46 .42 .43 .45 .41 .43 .45 .42 .38	미계산(회차별 평균 저장 안 됨)	0.38	0.927827–1	342 287 278 262 298 301 278 259 269 288 249 251 282 265 232	없음	1249 (odd 625·even 624)	1	qsar/data/fep_m1/pass1/N14_solv_L2_r1/w00/prod.log
N14	r2	solvL2	16	.52 .49 .46 .38 .45 .48 .46 .45 .44 .44 .41 .41 .43 .40 .39	미계산(회차별 평균 저장 안 됨)	0.38	0.20567–0.285445	306 297 292 232 283 283 287 283 278 284 238 259 275 258 243	없음	1249 (odd 625·even 624)	1	qsar/data/fep_m1/pass1/N14_solv_L2_r2/w00/prod.log
N14	r3	solvL2	16	.48 .47 .42 .42 .42 .45 .47 .38 .43 .46 .44 .41 .39 .43 .38	미계산(회차별 평균 저장 안 됨)	0.38	0.47616–0.535234 · 0.927827–1	304 290 252 278 275 293 294 246 280 283 281 252 250 254 228	없음	1249 (odd 625·even 624)	1	qsar/data/fep_m1/pass1/N14_solv_L2_r3/w00/prod.log
N14	r4	solvL2	16	.51 .47 .44 .42 .43 .46 .48 .41 .45 .43 .42 .42 .41 .43 .39	미계산(회차별 평균 저장 안 됨)	0.39	0.927827–1	318 297 283 269 272 292 301 270 281 272 259 261 257 273 238	없음	1249 (odd 625·even 624)	1	qsar/data/fep_m1/pass1/N14_solv_L2_r4/w00/prod.log
N14	r5	solvL2	16	.50 .50 .44 .41 .44 .47 .45 .43 .44 .46 .43 .43 .40 .43 .38	미계산(회차별 평균 저장 안 됨)	0.38	0.927827–1	296 320 264 265 273 296 265 277 272 283 270 246 243 285 239	없음	1249 (odd 625·even 624)	1	qsar/data/fep_m1/pass1/N14_solv_L2_r5/w00/prod.log
N14	회차 평균(nrep=5)	solvL2	16	0.508 0.48 0.44 0.41 0.442 0.468 0.464 0.418 0.438 0.448 0.422 0.42 0.416 0.422 0.384	미계산	0.384	0.927827–1	미계산	미계산	1249	—	final_report_20260921/replex.json per_leg (쌍별 값을 회차에 걸쳐 평균한 저장값)
N14	r1	solvL3	20	.32 .34 .36 .36 .38 .40 .35 .36 .34 .35 .35 .39 .42 .41 .44 .43 .37 .37 .40	미계산(회차별 평균 저장 안 됨)	0.32	0–0.054409	193 210 212 225 251 266 220 218 210 218 220 253 255 250 273 263 230 235 257	없음	1249 (odd 625·even 624)	1	qsar/data/fep_m1/pass1/N14_solv_L3_r1/w00/prod.log
N14	r2	solvL3	20	.33 .32 .34 .36 .38 .38 .33 .32 .34 .36 .35 .40 .43 .46 .45 .38 .38 .37 .36	미계산(회차별 평균 저장 안 됨)	0.32	0.054409–0.110249 · 0.414476–0.477258	210 206 217 214 235 247 200 206 214 230 225 239 269 290 283 225 242 228 227	없음	1249 (odd 625·even 624)	1	qsar/data/fep_m1/pass1/N14_solv_L3_r2/w00/prod.log
N14	r3	solvL3	20	.33 .35 .34 .36 .34 .36 .36 .36 .36 .36 .35 .40 .43 .43 .41 .40 .38 .38 .38	미계산(회차별 평균 저장 안 됨)	0.33	0–0.054409	208 205 213 224 216 224 218 211 215 227 213 251 256 277 254 252 238 235 234	없음	1249 (odd 625·even 624)	1	qsar/data/fep_m1/pass1/N14_solv_L3_r3/w00/prod.log
N14	r4	solvL3	20	.32 .31 .34 .41 .36 .38 .36 .34 .35 .39 .36 .39 .42 .44 .42 .42 .40 .42 .39	미계산(회차별 평균 저장 안 됨)	0.31	0.054409–0.110249	206 193 216 266 203 237 218 217 215 243 235 237 248 265 259 268 260 250 241	없음	1249 (odd 625·even 624)	1	qsar/data/fep_m1/pass1/N14_solv_L3_r4/w00/prod.log
N14	회차 평균(nrep=4)	solvL3	20	0.325 0.33 0.345 0.3725 0.365 0.38 0.35 0.345 0.3475 0.365 0.3525 0.395 0.425 0.435 0.43 0.4075 0.3825 0.385 0.3825	미계산	0.325	0–0.054409	미계산	미계산	1249	—	final_report_20260921/replex.json per_leg (쌍별 값을 회차에 걸쳐 평균한 저장값)
N15	r1	cplxL1	5	.29 .42 .40 .34	미계산(회차별 평균 저장 안 됨)	0.29	0–0.257209	168 263 257 195	없음	1249 (odd 625·even 624)	1	qsar/data/fep_m1/pass1/N15_cplx_L1_r1/w00/prod.log
N15	r2	cplxL1	5	.30 .38 .45 .29	미계산(회차별 평균 저장 안 됨)	0.29	0.697837–1	180 237 267 175	없음	1249 (odd 625·even 624)	1	qsar/data/fep_m1/pass1/N15_cplx_L1_r2/w00/prod.log
N15	r3	cplxL1	5	.28 .37 .45 .39	미계산(회차별 평균 저장 안 됨)	0.28	0–0.257209	175 235 276 244	없음	1249 (odd 625·even 624)	1	qsar/data/fep_m1/pass1/N15_cplx_L1_r3/w00/prod.log
N15	r4	cplxL1	5	.20 .45 .47 .37	미계산(회차별 평균 저장 안 됨)	0.20	0–0.257209	126 280 286 232	없음	1249 (odd 625·even 624)	1	qsar/data/fep_m1/pass1/N15_cplx_L1_r4/w00/prod.log
N15	r5	cplxL1	5	.25 .43 .47 .42	미계산(회차별 평균 저장 안 됨)	0.25	0–0.257209	160 281 295 250	없음	1249 (odd 625·even 624)	1	qsar/data/fep_m1/pass1/N15_cplx_L1_r5/w00/prod.log
N15	회차 평균(nrep=5)	cplxL1	5	0.264 0.41 0.448 0.362	미계산	0.264	0–0.257209	미계산	미계산	1249	—	final_report_20260921/replex.json per_leg (쌍별 값을 회차에 걸쳐 평균한 저장값)
N15	r1	cplxL2	10	.39 .39 .45 .61 .61 .63 .71 .75 .78	미계산(회차별 평균 저장 안 됨)	0.39	0–0.305248 · 0.305248–0.463079	250 236 275 391 396 392 436 467 490	없음	1249 (odd 625·even 624)	1	qsar/data/fep_m1/pass1/N15_cplx_L2_r1/w00/prod.log
N15	r2	cplxL2	10	.31 .41 .55 .61 .59 .53 .61 .69 .70	미계산(회차별 평균 저장 안 됨)	0.31	0–0.305248	193 263 336 378 363 347 383 432 421	없음	1249 (odd 625·even 624)	1	qsar/data/fep_m1/pass1/N15_cplx_L2_r2/w00/prod.log
N15	r3	cplxL2	10	.32 .40 .46 .56 .52 .48 .60 .68 .71	미계산(회차별 평균 저장 안 됨)	0.32	0–0.305248	205 251 296 351 337 298 366 429 431	없음	1249 (odd 625·even 624)	1	qsar/data/fep_m1/pass1/N15_cplx_L2_r3/w00/prod.log
N15	r4	cplxL2	10	.42 .42 .51 .57 .53 .50 .56 .63 .64	미계산(회차별 평균 저장 안 됨)	0.42	0–0.305248 · 0.305248–0.463079	263 262 322 351 334 325 353 384 402	없음	1249 (odd 625·even 624)	1	qsar/data/fep_m1/pass1/N15_cplx_L2_r4/w00/prod.log
N15	r5	cplxL2	10	.29 .36 .50 .60 .58 .59 .70 .72 .77	미계산(회차별 평균 저장 안 됨)	0.29	0–0.305248	184 224 318 371 367 371 426 455 487	없음	1249 (odd 625·even 624)	1	qsar/data/fep_m1/pass1/N15_cplx_L2_r5/w00/prod.log
N15	회차 평균(nrep=5)	cplxL2	10	0.346 0.396 0.494 0.59 0.566 0.546 0.636 0.694 0.72	미계산	0.346	0–0.305248	미계산	미계산	1249	—	final_report_20260921/replex.json per_leg (쌍별 값을 회차에 걸쳐 평균한 저장값)
N15	r1	cplxL3	3	.50 .51	미계산(회차별 평균 저장 안 됨)	0.50	0–0.499725	328 314	없음	1249 (odd 625·even 624)	1	qsar/data/fep_m1/pass1/N15_cplx_L3_r1/w00/prod.log
N15	r2	cplxL3	3	.40 .42	미계산(회차별 평균 저장 안 됨)	0.40	0–0.499725	251 274	없음	1249 (odd 625·even 624)	1	qsar/data/fep_m1/pass1/N15_cplx_L3_r2/w00/prod.log
N15	r3	cplxL3	3	.41 .44	미계산(회차별 평균 저장 안 됨)	0.41	0–0.499725	269 262	없음	1249 (odd 625·even 624)	1	qsar/data/fep_m1/pass1/N15_cplx_L3_r3/w00/prod.log
N15	r4	cplxL3	3	.32 .37	미계산(회차별 평균 저장 안 됨)	0.32	0–0.499725	199 228	없음	1249 (odd 625·even 624)	1	qsar/data/fep_m1/pass1/N15_cplx_L3_r4/w00/prod.log
N15	r5	cplxL3	3	.47 .54	미계산(회차별 평균 저장 안 됨)	0.47	0–0.499725	302 328	없음	1249 (odd 625·even 624)	1	qsar/data/fep_m1/pass1/N15_cplx_L3_r5/w00/prod.log
N15	회차 평균(nrep=5)	cplxL3	3	0.42 0.456	미계산	0.42000000000000004	0–0.499725	미계산	미계산	1249	—	final_report_20260921/replex.json per_leg (쌍별 값을 회차에 걸쳐 평균한 저장값)
N15	r1	solvL1	5	.42 .38 .37 .35	미계산(회차별 평균 저장 안 됨)	0.35	0.734075–1	269 238 223 224	없음	1249 (odd 625·even 624)	1	qsar/data/fep_m1/pass1/N15_solv_L1_r1/w00/prod.log
N15	r2	solvL1	5	.40 .36 .34 .35	미계산(회차별 평균 저장 안 됨)	0.34	0.456141–0.734075	257 221 198 221	없음	1249 (odd 625·even 624)	1	qsar/data/fep_m1/pass1/N15_solv_L1_r2/w00/prod.log
N15	r3	solvL1	5	.38 .36 .38 .37	미계산(회차별 평균 저장 안 됨)	0.36	0.206845–0.456141	242 219 247 233	없음	1249 (odd 625·even 624)	1	qsar/data/fep_m1/pass1/N15_solv_L1_r3/w00/prod.log
N15	r4	solvL1	5	.42 .37 .34 .39	미계산(회차별 평균 저장 안 됨)	0.34	0.456141–0.734075	268 244 211 244	없음	1249 (odd 625·even 624)	1	qsar/data/fep_m1/pass1/N15_solv_L1_r4/w00/prod.log
N15	r5	solvL1	5	.37 .37 .34 .36	미계산(회차별 평균 저장 안 됨)	0.34	0.456141–0.734075	215 226 201 218	없음	1249 (odd 625·even 624)	1	qsar/data/fep_m1/pass1/N15_solv_L1_r5/w00/prod.log
N15	회차 평균(nrep=5)	solvL1	5	0.398 0.368 0.354 0.364	미계산	0.354	0.456141–0.734075	미계산	미계산	1249	—	final_report_20260921/replex.json per_leg (쌍별 값을 회차에 걸쳐 평균한 저장값)
N15	r1	solvL2	8	.54 .41 .55 .52 .53 .69 .75	미계산(회차별 평균 저장 안 됨)	0.41	0.209906–0.395383	357 259 343 337 345 425 477	없음	1249 (odd 625·even 624)	1	qsar/data/fep_m1/pass1/N15_solv_L2_r1/w00/prod.log
N15	r2	solvL2	8	.51 .43 .52 .52 .55 .68 .76	미계산(회차별 평균 저장 안 됨)	0.43	0.209906–0.395383	317 271 323 325 337 401 459	없음	1249 (odd 625·even 624)	1	qsar/data/fep_m1/pass1/N15_solv_L2_r2/w00/prod.log
N15	r3	solvL2	8	.49 .41 .53 .54 .53 .66 .73	미계산(회차별 평균 저장 안 됨)	0.41	0.209906–0.395383	298 255 321 350 319 402 454	없음	1249 (odd 625·even 624)	1	qsar/data/fep_m1/pass1/N15_solv_L2_r3/w00/prod.log
N15	r4	solvL2	8	.54 .43 .51 .54 .51 .70 .75	미계산(회차별 평균 저장 안 됨)	0.43	0.209906–0.395383	336 272 323 338 312 454 469	없음	1249 (odd 625·even 624)	1	qsar/data/fep_m1/pass1/N15_solv_L2_r4/w00/prod.log
N15	r5	solvL2	8	.52 .44 .53 .52 .50 .68 .76	미계산(회차별 평균 저장 안 됨)	0.44	0.209906–0.395383	326 267 335 312 313 433 460	없음	1249 (odd 625·even 624)	1	qsar/data/fep_m1/pass1/N15_solv_L2_r5/w00/prod.log
N15	회차 평균(nrep=5)	solvL2	8	0.52 0.424 0.528 0.528 0.524 0.682 0.75	미계산	0.42400000000000004	0.209906–0.395383	미계산	미계산	1249	—	final_report_20260921/replex.json per_leg (쌍별 값을 회차에 걸쳐 평균한 저장값)
N15	r1	solvL3	3	.38 .33	미계산(회차별 평균 저장 안 됨)	0.33	0.462191–1	248 203	없음	1249 (odd 625·even 624)	1	qsar/data/fep_m1/pass1/N15_solv_L3_r1/w00/prod.log
N15	r2	solvL3	3	.39 .35	미계산(회차별 평균 저장 안 됨)	0.35	0.462191–1	246 213	없음	1249 (odd 625·even 624)	1	qsar/data/fep_m1/pass1/N15_solv_L3_r2/w00/prod.log
N15	r3	solvL3	3	.40 .36	미계산(회차별 평균 저장 안 됨)	0.36	0.462191–1	240 221	없음	1249 (odd 625·even 624)	1	qsar/data/fep_m1/pass1/N15_solv_L3_r3/w00/prod.log
N15	r4	solvL3	3	.41 .35	미계산(회차별 평균 저장 안 됨)	0.35	0.462191–1	257 208	없음	1249 (odd 625·even 624)	1	qsar/data/fep_m1/pass1/N15_solv_L3_r4/w00/prod.log
N15	r5	solvL3	3	.39 .37	미계산(회차별 평균 저장 안 됨)	0.37	0.462191–1	236 232	없음	1249 (odd 625·even 624)	1	qsar/data/fep_m1/pass1/N15_solv_L3_r5/w00/prod.log
N15	회차 평균(nrep=5)	solvL3	3	0.394 0.352	미계산	0.35200000000000004	0.462191–1	미계산	미계산	1249	—	final_report_20260921/replex.json per_leg (쌍별 값을 회차에 걸쳐 평균한 저장값)
N16	r1	cplxL1	5	.35 .34 .44 .15	미계산(회차별 평균 저장 안 됨)	0.15	0.734014–1	216 192 262 98	없음	1249 (odd 625·even 624)	1	qsar/data/fep_m1/pass1/N16_cplx_L1_r1/w00/prod.log
N16	r2	cplxL1	5	.34 .35 .42 .16	미계산(회차별 평균 저장 안 됨)	0.16	0.734014–1	218 222 270 94	없음	1249 (odd 625·even 624)	1	qsar/data/fep_m1/pass1/N16_cplx_L1_r2/w00/prod.log
N16	r3	cplxL1	5	.37 .33 .42 .18	미계산(회차별 평균 저장 안 됨)	0.18	0.734014–1	235 202 271 114	없음	1249 (odd 625·even 624)	1	qsar/data/fep_m1/pass1/N16_cplx_L1_r3/w00/prod.log
N16	r4	cplxL1	5	.36 .33 .37 .24	미계산(회차별 평균 저장 안 됨)	0.24	0.734014–1	219 204 220 147	없음	1249 (odd 625·even 624)	1	qsar/data/fep_m1/pass1/N16_cplx_L1_r4/w00/prod.log
N16	r5	cplxL1	5	.32 .29 .35 .17	미계산(회차별 평균 저장 안 됨)	0.17	0.734014–1	194 182 229 119	없음	1249 (odd 625·even 624)	1	qsar/data/fep_m1/pass1/N16_cplx_L1_r5/w00/prod.log
N16	회차 평균(nrep=5)	cplxL1	5	0.348 0.328 0.4 0.18	미계산	0.18	0.734014–1	미계산	미계산	1249	—	final_report_20260921/replex.json per_leg (쌍별 값을 회차에 걸쳐 평균한 저장값)
N16	r1	cplxL2	9	.50 .51 .56 .45 .33 .30 .39 .48	미계산(회차별 평균 저장 안 됨)	0.30	0.57276–0.749034	302 324 353 269 199 183 258 308	없음	1249 (odd 625·even 624)	1	qsar/data/fep_m1/pass1/N16_cplx_L2_r1/w00/prod.log
N16	r2	cplxL2	9	.52 .53 .57 .42 .31 .29 .36 .46	미계산(회차별 평균 저장 안 됨)	0.29	0.57276–0.749034	319 332 355 278 183 186 226 279	없음	1249 (odd 625·even 624)	1	qsar/data/fep_m1/pass1/N16_cplx_L2_r2/w00/prod.log
N16	r3	cplxL2	9	.53 .57 .58 .43 .28 .30 .36 .48	미계산(회차별 평균 저장 안 됨)	0.28	0.405328–0.57276	317 359 377 267 187 186 230 305	없음	1249 (odd 625·even 624)	1	qsar/data/fep_m1/pass1/N16_cplx_L2_r3/w00/prod.log
N16	r4	cplxL2	9	.48 .54 .58 .47 .32 .31 .38 .47	미계산(회차별 평균 저장 안 됨)	0.31	0.57276–0.749034	301 345 349 292 195 194 236 302	없음	1249 (odd 625·even 624)	1	qsar/data/fep_m1/pass1/N16_cplx_L2_r4/w00/prod.log
N16	r5	cplxL2	9	.50 .51 .57 .42 .28 .29 .38 .50	미계산(회차별 평균 저장 안 됨)	0.28	0.405328–0.57276	304 328 357 252 169 180 234 322	없음	1249 (odd 625·even 624)	1	qsar/data/fep_m1/pass1/N16_cplx_L2_r5/w00/prod.log
N16	회차 평균(nrep=5)	cplxL2	9	0.506 0.532 0.572 0.438 0.304 0.298 0.374 0.478	미계산	0.298	0.57276–0.749034	미계산	미계산	1249	—	final_report_20260921/replex.json per_leg (쌍별 값을 회차에 걸쳐 평균한 저장값)
N16	r1	cplxL3	9	.32 .38 .46 .50 .43 .29 .23 .35	미계산(회차별 평균 저장 안 됨)	0.23	0.764824–0.888817	195 236 275 312 278 185 136 231	없음	1249 (odd 625·even 624)	1	qsar/data/fep_m1/pass1/N16_cplx_L3_r1/w00/prod.log
N16	r2	cplxL3	9	.22 .41 .48 .53 .37 .22 .37 .29	미계산(회차별 평균 저장 안 됨)	0.22	0–0.117196 · 0.626057–0.764824	135 256 315 312 239 155 238 178	없음	1249 (odd 625·even 624)	1	qsar/data/fep_m1/pass1/N16_cplx_L3_r2/w00/prod.log
N16	r3	cplxL3	9	.32 .41 .46 .51 .40 .34 .26 .32	미계산(회차별 평균 저장 안 됨)	0.26	0.764824–0.888817	198 260 286 312 246 201 164 194	없음	1249 (odd 625·even 624)	1	qsar/data/fep_m1/pass1/N16_cplx_L3_r3/w00/prod.log
N16	r4	cplxL3	9	.26 .42 .50 .53 .44 .36 .27 .35	미계산(회차별 평균 저장 안 됨)	0.26	0–0.117196	148 270 312 338 286 229 156 234	없음	1249 (odd 625·even 624)	1	qsar/data/fep_m1/pass1/N16_cplx_L3_r4/w00/prod.log
N16	r5	cplxL3	9	.27 .44 .48 .51 .44 .30 .22 .39	미계산(회차별 평균 저장 안 됨)	0.22	0.764824–0.888817	163 275 293 325 280 194 141 240	없음	1249 (odd 625·even 624)	1	qsar/data/fep_m1/pass1/N16_cplx_L3_r5/w00/prod.log
N16	회차 평균(nrep=5)	cplxL3	9	0.278 0.412 0.476 0.516 0.416 0.302 0.27 0.34	미계산	0.26999999999999996	0.764824–0.888817	미계산	미계산	1249	—	final_report_20260921/replex.json per_leg (쌍별 값을 회차에 걸쳐 평균한 저장값)
N16	r1	solvL1	8	.42 .44 .43 .41 .38 .42 .38	미계산(회차별 평균 저장 안 됨)	0.38	0.572231–0.724664 · 0.864158–1	256 279 268 249 250 245 238	없음	1249 (odd 625·even 624)	1	qsar/data/fep_m1/pass1/N16_solv_L1_r1/w00/prod.log
N16	r2	solvL1	8	.44 .43 .46 .41 .37 .40 .41	미계산(회차별 평균 저장 안 됨)	0.37	0.572231–0.724664	282 272 282 245 240 251 262	없음	1249 (odd 625·even 624)	1	qsar/data/fep_m1/pass1/N16_solv_L1_r2/w00/prod.log
N16	r3	solvL1	8	.44 .45 .44 .43 .39 .40 .39	미계산(회차별 평균 저장 안 됨)	0.39	0.572231–0.724664 · 0.864158–1	268 276 282 261 251 266 244	없음	1249 (odd 625·even 624)	1	qsar/data/fep_m1/pass1/N16_solv_L1_r3/w00/prod.log
N16	r4	solvL1	8	.44 .42 .45 .41 .36 .43 .37	미계산(회차별 평균 저장 안 됨)	0.36	0.572231–0.724664	270 253 278 245 220 260 230	없음	1249 (odd 625·even 624)	1	qsar/data/fep_m1/pass1/N16_solv_L1_r4/w00/prod.log
N16	r5	solvL1	8	.42 .45 .43 .42 .37 .40 .42	미계산(회차별 평균 저장 안 됨)	0.37	0.572231–0.724664	280 291 272 252 248 248 256	없음	1249 (odd 625·even 624)	1	qsar/data/fep_m1/pass1/N16_solv_L1_r5/w00/prod.log
N16	회차 평균(nrep=5)	solvL1	8	0.432 0.438 0.442 0.416 0.374 0.41 0.394	미계산	0.374	0.572231–0.724664	미계산	미계산	1249	—	final_report_20260921/replex.json per_leg (쌍별 값을 회차에 걸쳐 평균한 저장값)
N16	r1	solvL2	10	.43 .52 .59 .50 .42 .42 .39 .46 .50	미계산(회차별 평균 저장 안 됨)	0.39	0.622497–0.762206	262 327 367 309 278 264 237 275 304	없음	1249 (odd 625·even 624)	1	qsar/data/fep_m1/pass1/N16_solv_L2_r1/w00/prod.log
N16	r2	solvL2	10	.42 .51 .58 .50 .43 .43 .37 .42 .48	미계산(회차별 평균 저장 안 됨)	0.37	0.622497–0.762206	260 305 353 316 265 262 237 248 287	없음	1249 (odd 625·even 624)	1	qsar/data/fep_m1/pass1/N16_solv_L2_r2/w00/prod.log
N16	r3	solvL2	10	.43 .49 .61 .51 .41 .42 .39 .41 .48	미계산(회차별 평균 저장 안 됨)	0.39	0.622497–0.762206	273 301 396 327 264 257 250 260 294	없음	1249 (odd 625·even 624)	1	qsar/data/fep_m1/pass1/N16_solv_L2_r3/w00/prod.log
N16	r4	solvL2	10	.40 .50 .58 .50 .43 .44 .43 .44 .45	미계산(회차별 평균 저장 안 됨)	0.40	0–0.11414	254 319 365 308 270 274 257 275 262	없음	1249 (odd 625·even 624)	1	qsar/data/fep_m1/pass1/N16_solv_L2_r4/w00/prod.log
N16	r5	solvL2	10	.37 .50 .55 .48 .44 .43 .42 .40 .47	미계산(회차별 평균 저장 안 됨)	0.37	0–0.11414	238 304 342 296 281 264 260 252 293	없음	1249 (odd 625·even 624)	1	qsar/data/fep_m1/pass1/N16_solv_L2_r5/w00/prod.log
N16	회차 평균(nrep=5)	solvL2	10	0.41 0.504 0.582 0.498 0.426 0.428 0.4 0.426 0.476	미계산	0.39999999999999997	0.622497–0.762206	미계산	미계산	1249	—	final_report_20260921/replex.json per_leg (쌍별 값을 회차에 걸쳐 평균한 저장값)
N16	r1	solvL3	9	.25 .29 .32 .35 .42 .41 .41 .21	미계산(회차별 평균 저장 안 됨)	0.21	0.886011–1	152 181 194 217 262 267 262 125	없음	1249 (odd 625·even 624)	1	qsar/data/fep_m1/pass1/N16_solv_L3_r1/w00/prod.log
N16	r2	solvL3	9	.27 .29 .29 .35 .39 .40 .38 .30	미계산(회차별 평균 저장 안 됨)	0.27	0–0.111519	161 194 190 201 241 251 236 189	없음	1249 (odd 625·even 624)	1	qsar/data/fep_m1/pass1/N16_solv_L3_r2/w00/prod.log
N16	r3	solvL3	9	.25 .29 .34 .34 .40 .42 .39 .25	미계산(회차별 평균 저장 안 됨)	0.25	0–0.111519 · 0.886011–1	165 177 212 204 238 255 242 151	없음	1249 (odd 625·even 624)	1	qsar/data/fep_m1/pass1/N16_solv_L3_r3/w00/prod.log
N16	r4	solvL3	9	.25 .30 .33 .36 .41 .39 .39 .24	미계산(회차별 평균 저장 안 됨)	0.24	0.886011–1	148 201 214 218 256 241 224 150	없음	1249 (odd 625·even 624)	1	qsar/data/fep_m1/pass1/N16_solv_L3_r4/w00/prod.log
N16	r5	solvL3	9	.25 .31 .32 .34 .43 .40 .40 .37	미계산(회차별 평균 저장 안 됨)	0.25	0–0.111519	142 184 192 214 257 252 262 244	없음	1249 (odd 625·even 624)	1	qsar/data/fep_m1/pass1/N16_solv_L3_r5/w00/prod.log
N16	회차 평균(nrep=5)	solvL3	9	0.254 0.296 0.32 0.348 0.41 0.404 0.394 0.274	미계산	0.254	0–0.111519	미계산	미계산	1249	—	final_report_20260921/replex.json per_leg (쌍별 값을 회차에 걸쳐 평균한 저장값)
N17	r1	cplxL1	8	0.1365 0.1423142314231423 0.1612 0.1693169316931693 0.2242 0.2763276327632763 0.3165	0.20376554226851257	0.1365	0.0–0.1429	1365 1423 1612 1693 2242 2763 3165 / 시도 10000 9999 10000 9999 10000 9999 10000	없음	교환 블록 19999 · 중복 0 · 기동 2	—	s3_exchange_prod_v14_N17.json {rate,acc,att,zero_pairs,lam} · 평균 = prereg v31 (c) C-5 레그별 평균
N17	r1	cplxL2	17	0.7451 0.7543754375437544 0.7531 0.7354735473547355 0.7168 0.7185718571857186 0.7273 0.7416741674167416 0.7639 0.7708770877087708 0.7759 0.7736773677367736 0.7568 0.7458745874587459 0.719 0.7086708670867087	0.7441934324682469	0.7086708670867087	0.9375–1.0	7451 7543 7531 7354 7168 7185 7273 7416 7639 7708 7759 7736 7568 7458 7190 7086 / 시도 10000 9999 10000 9999 10000 9999 10000 9999 10000 9999 10000 9999 10000 9999 10000 9999	없음	교환 블록 19999 · 중복 0 · 기동 2	—	s3_exchange_prod_v14_N17.json {rate,acc,att,zero_pairs,lam} · 평균 = prereg v31 (c) C-5 레그별 평균
N17	r1	cplxL3	10	0.4535 0.39543954395439546 0.3101 0.33103310331033103 0.3456 0.27162716271627163 0.2441 0.17221722172217221 0.3259	0.31661300352257443	0.17221722172217221	0.8149–0.909	4535 3954 3101 3310 3456 2716 2441 1722 3259 / 시도 10000 9999 10000 9999 10000 9999 10000 9999 10000	없음	교환 블록 19999 · 중복 0 · 기동 2	—	s3_exchange_prod_v14_N17.json {rate,acc,att,zero_pairs,lam} · 평균 = prereg v31 (c) C-5 레그별 평균
N17	r1	solvL1	8	0.1676 0.16851685168516853 0.1651 0.1714171417141714 0.1866 0.23322332233223322 0.274	0.19520818796165332	0.1651	0.2857–0.4286	1676 1685 1651 1714 1866 2332 2740 / 시도 10000 9999 10000 9999 10000 9999 10000	없음	교환 블록 19999 · 중복 0 · 기동 1	—	s3_exchange_prod_v14_N17.json {rate,acc,att,zero_pairs,lam} · 평균 = prereg v31 (c) C-5 레그별 평균
N17	r1	solvL2	17	0.7668 0.787078707870787 0.7948 0.7686768676867687 0.7418 0.7081708170817081 0.7225 0.7324732473247325 0.7683 0.7835783578357836 0.7978 0.7928792879287929 0.7852 0.7725772577257726 0.757 0.7437743774377438	0.7639630575557557	0.7081708170817081	0.3125–0.375	7668 7870 7948 7686 7418 7081 7225 7324 7683 7835 7978 7928 7852 7725 7570 7437 / 시도 10000 9999 10000 9999 10000 9999 10000 9999 10000 9999 10000 9999 10000 9999 10000 9999	없음	교환 블록 19999 · 중복 0 · 기동 1	—	s3_exchange_prod_v14_N17.json {rate,acc,att,zero_pairs,lam} · 평균 = prereg v31 (c) C-5 레그별 평균
N17	r1	solvL3	10	0.3673 0.28702870287028703 0.2341 0.2686268626862686 0.2565 0.25312531253125314 0.2707 0.3428342834283428 0.3608	0.29344612905735024	0.2341	0.2407–0.369	3673 2870 2341 2686 2565 2531 2707 3428 3608 / 시도 10000 9999 10000 9999 10000 9999 10000 9999 10000	없음	교환 블록 19999 · 중복 0 · 기동 1	—	s3_exchange_prod_v14_N17.json {rate,acc,att,zero_pairs,lam} · 평균 = prereg v31 (c) C-5 레그별 평균
N17	r2	cplxL1	8	0.1375 0.1413141314131413 0.1547 0.18381838183818383 0.2268 0.28762876287628764 0.3287	0.20863732516108754	0.1375	0.0–0.1429	1375 1413 1547 1838 2268 2876 3287 / 시도 10000 9999 10000 9999 10000 9999 10000	없음	교환 블록 19999 · 중복 0 · 기동 1	—	s3_exchange_prod_v14_N17.json {rate,acc,att,zero_pairs,lam} · 평균 = prereg v31 (c) C-5 레그별 평균
N17	r2	cplxL2	17	0.7565 0.7454745474547455 0.7292 0.7212721272127213 0.7226 0.7207720772077207 0.7292 0.7411741174117412 0.7547 0.7710771077107711 0.7874 0.7742774277427743 0.7614 0.7532753275327533 0.7298 0.6996699669966997	0.7436120437043705	0.6996699669966997	0.9375–1.0	7565 7454 7292 7212 7226 7207 7292 7411 7547 7710 7874 7742 7614 7532 7298 6996 / 시도 10000 9999 10000 9999 10000 9999 10000 9999 10000 9999 10000 9999 10000 9999 10000 9999	없음	교환 블록 19999 · 중복 0 · 기동 1	—	s3_exchange_prod_v14_N17.json {rate,acc,att,zero_pairs,lam} · 평균 = prereg v31 (c) C-5 레그별 평균
N17	r2	cplxL3	10	0.4529 0.44744474447444743 0.4016 0.37253725372537255 0.3778 0.31803180318031804 0.1627 0.20932093209320932 0.3444	0.34297052594148303	0.1627	0.706–0.8149	4529 4474 4016 3725 3778 3180 1627 2093 3444 / 시도 10000 9999 10000 9999 10000 9999 10000 9999 10000	없음	교환 블록 19999 · 중복 0 · 기동 1	—	s3_exchange_prod_v14_N17.json {rate,acc,att,zero_pairs,lam} · 평균 = prereg v31 (c) C-5 레그별 평균
N17	r2	solvL1	8	0.1714 0.16651665166516652 0.1624 0.16801680168016803 0.1878 0.23212321232123212 0.2677	0.19370809509522383	0.1624	0.2857–0.4286	1714 1665 1624 1680 1878 2321 2677 / 시도 10000 9999 10000 9999 10000 9999 10000	없음	교환 블록 19999 · 중복 0 · 기동 2	—	s3_exchange_prod_v14_N17.json {rate,acc,att,zero_pairs,lam} · 평균 = prereg v31 (c) C-5 레그별 평균
N17	r2	solvL2	17	0.7681 0.789078907890789 0.782 0.7672767276727672 0.7382 0.7112711271127112 0.7059 0.7308730873087309 0.7585 0.7864786478647865 0.7923 0.7931793179317932 0.7904 0.7801780178017802 0.7573 0.7452745274527453	0.7622693975647565	0.7059	0.375–0.4375	7681 7890 7820 7672 7382 7112 7059 7308 7585 7864 7923 7931 7904 7801 7573 7452 / 시도 10000 9999 10000 9999 10000 9999 10000 9999 10000 9999 10000 9999 10000 9999 10000 9999	없음	교환 블록 19999 · 중복 0 · 기동 2	—	s3_exchange_prod_v14_N17.json {rate,acc,att,zero_pairs,lam} · 평균 = prereg v31 (c) C-5 레그별 평균
N17	r2	solvL3	10	0.3669 0.28272827282728275 0.2343 0.2739273927392739 0.2556 0.25232523252325234 0.27 0.33763376337633766 0.354	0.2919349623851274	0.2343	0.2407–0.369	3669 2827 2343 2739 2556 2523 2700 3376 3540 / 시도 10000 9999 10000 9999 10000 9999 10000 9999 10000	없음	교환 블록 19999 · 중복 0 · 기동 2	—	s3_exchange_prod_v14_N17.json {rate,acc,att,zero_pairs,lam} · 평균 = prereg v31 (c) C-5 레그별 평균
N17	r3	cplxL1	8	0.1368 0.1417141714171417 0.151 0.18341834183418343 0.2181 0.28352835283528355 0.3108	0.20362298086951552	0.1368	0.0–0.1429	1368 1417 1510 1834 2181 2835 3108 / 시도 10000 9999 10000 9999 10000 9999 10000	없음	교환 블록 19999 · 중복 0 · 기동 1	—	s3_exchange_prod_v14_N17.json {rate,acc,att,zero_pairs,lam} · 평균 = prereg v31 (c) C-5 레그별 평균
N17	r3	cplxL2	17	0.7402 0.7406740674067407 0.7343 0.728972897289729 0.7147 0.7244724472447245 0.7337 0.7464746474647465 0.7579 0.7722772277227723 0.787 0.7734773477347735 0.766 0.744074407440744 0.7264 0.7053705370537053	0.743499598709871	0.7053705370537053	0.9375–1.0	7402 7406 7343 7289 7147 7244 7337 7464 7579 7722 7870 7734 7660 7440 7264 7053 / 시도 10000 9999 10000 9999 10000 9999 10000 9999 10000 9999 10000 9999 10000 9999 10000 9999	없음	교환 블록 19999 · 중복 0 · 기동 1	—	s3_exchange_prod_v14_N17.json {rate,acc,att,zero_pairs,lam} · 평균 = prereg v31 (c) C-5 레그별 평균
N17	r3	cplxL3	10	0.4559 0.4302430243024302 0.3981 0.36123612361236124 0.3375 0.30503050305030505 0.2666 0.24122412241224123 0.2812	0.3418926414863709	0.24122412241224123	0.8149–0.909	4559 4302 3981 3612 3375 3050 2666 2412 2812 / 시도 10000 9999 10000 9999 10000 9999 10000 9999 10000	없음	교환 블록 19999 · 중복 0 · 기동 1	—	s3_exchange_prod_v14_N17.json {rate,acc,att,zero_pairs,lam} · 평균 = prereg v31 (c) C-5 레그별 평균
N17	r3	solvL1	8	0.1757 0.16831683168316833 0.1725 0.1706170617061706 0.1932 0.24012401240124012 0.2788	0.19989398654151128	0.16831683168316833	0.1429–0.2857	1757 1683 1725 1706 1932 2401 2788 / 시도 10000 9999 10000 9999 10000 9999 10000	없음	교환 블록 19999 · 중복 0 · 기동 1	—	s3_exchange_prod_v14_N17.json {rate,acc,att,zero_pairs,lam} · 평균 = prereg v31 (c) C-5 레그별 평균
N17	r3	solvL2	17	0.7703 0.7916791679167917 0.7878 0.7667766776677668 0.7311 0.718971897189719 0.7137 0.7458745874587459 0.77 0.7844784478447845 0.7953 0.7983798379837984 0.7932 0.7862786278627862 0.7603 0.7390739073907391	0.7658258219571957	0.7137	0.375–0.4375	7703 7916 7878 7667 7311 7189 7137 7458 7700 7844 7953 7983 7932 7862 7603 7390 / 시도 10000 9999 10000 9999 10000 9999 10000 9999 10000 9999 10000 9999 10000 9999 10000 9999	없음	교환 블록 19999 · 중복 0 · 기동 1	—	s3_exchange_prod_v14_N17.json {rate,acc,att,zero_pairs,lam} · 평균 = prereg v31 (c) C-5 레그별 평균
N17	r3	solvL3	10	0.3705 0.2769276927692769 0.23 0.26532653265326533 0.2451 0.2581258125812581 0.2618 0.3315331533153315 0.3541	0.2881570212576813	0.23	0.2407–0.369	3705 2769 2300 2653 2451 2581 2618 3315 3541 / 시도 10000 9999 10000 9999 10000 9999 10000 9999 10000	없음	교환 블록 19999 · 중복 0 · 기동 1	—	s3_exchange_prod_v14_N17.json {rate,acc,att,zero_pairs,lam} · 평균 = prereg v31 (c) C-5 레그별 평균
N17	r4	cplxL1	8	0.1348 0.14591459145914593 0.1562 0.19031903190319033 0.2266 0.28052805280528054 0.3102	0.20636595373823097	0.1348	0.0–0.1429	1348 1459 1562 1903 2266 2805 3102 / 시도 10000 9999 10000 9999 10000 9999 10000	없음	교환 블록 19999 · 중복 0 · 기동 1	—	s3_exchange_prod_v14_N17.json {rate,acc,att,zero_pairs,lam} · 평균 = prereg v31 (c) C-5 레그별 평균
N17	r4	cplxL2	17	0.7452 0.7477747774777478 0.7449 0.7301730173017301 0.7234 0.7142714271427143 0.7123 0.7305730573057305 0.7481 0.7595759575957596 0.7782 0.7668766876687669 0.7604 0.7471747174717471 0.7214 0.7034703470347035	0.7396118743124313	0.7034703470347035	0.9375–1.0	7452 7477 7449 7301 7234 7142 7123 7305 7481 7595 7782 7668 7604 7471 7214 7034 / 시도 10000 9999 10000 9999 10000 9999 10000 9999 10000 9999 10000 9999 10000 9999 10000 9999	없음	교환 블록 19999 · 중복 0 · 기동 1	—	s3_exchange_prod_v14_N17.json {rate,acc,att,zero_pairs,lam} · 평균 = prereg v31 (c) C-5 레그별 평균
N17	r4	cplxL3	10	0.4365 0.37073707370737075 0.3355 0.37313731373137315 0.4125 0.3017301730173017 0.1644 0.2696269626962696 0.3052	0.3299257247947017	0.1644	0.706–0.8149	4365 3707 3355 3731 4125 3017 1644 2696 3052 / 시도 10000 9999 10000 9999 10000 9999 10000 9999 10000	없음	교환 블록 19999 · 중복 0 · 기동 1	—	s3_exchange_prod_v14_N17.json {rate,acc,att,zero_pairs,lam} · 평균 = prereg v31 (c) C-5 레그별 평균
N17	r4	solvL1	8	0.1663 0.16641664166416642 0.1631 0.16611661166116612 0.1924 0.22642264226422643 0.271	0.1931079850842227	0.1631	0.2857–0.4286	1663 1664 1631 1661 1924 2264 2710 / 시도 10000 9999 10000 9999 10000 9999 10000	없음	교환 블록 19999 · 중복 0 · 기동 2	—	s3_exchange_prod_v14_N17.json {rate,acc,att,zero_pairs,lam} · 평균 = prereg v31 (c) C-5 레그별 평균
N17	r4	solvL2	17	0.774 0.7901790179017901 0.7875 0.7660766076607661 0.7372 0.7101710171017102 0.7144 0.7313731373137313 0.756 0.7785778577857786 0.7958 0.8034803480348035 0.7884 0.7745774577457746 0.7554 0.7323732373237324	0.7622192925542555	0.7101710171017102	0.3125–0.375	7740 7901 7875 7660 7372 7101 7144 7313 7560 7785 7958 8034 7884 7745 7554 7323 / 시도 10000 9999 10000 9999 10000 9999 10000 9999 10000 9999 10000 9999 10000 9999 10000 9999	없음	교환 블록 19999 · 중복 0 · 기동 2	—	s3_exchange_prod_v14_N17.json {rate,acc,att,zero_pairs,lam} · 평균 = prereg v31 (c) C-5 레그별 평균
N17	r4	solvL3	10	0.3587 0.2826282628262826 0.2325 0.2644264426442644 0.2498 0.25272527252725274 0.2633 0.33973397339733974 0.3541	0.28865710571057107	0.2325	0.2407–0.369	3587 2826 2325 2644 2498 2527 2633 3397 3541 / 시도 10000 9999 10000 9999 10000 9999 10000 9999 10000	없음	교환 블록 19999 · 중복 0 · 기동 2	—	s3_exchange_prod_v14_N17.json {rate,acc,att,zero_pairs,lam} · 평균 = prereg v31 (c) C-5 레그별 평균
N17	r5	cplxL1	8	0.135 0.1572157215721572 0.1572 0.17551755175517553 0.2302 0.27992799279927993 0.3214	0.20806589516094467	0.135	0.0–0.1429	1350 1572 1572 1755 2302 2799 3214 / 시도 10000 9999 10000 9999 10000 9999 10000	없음	교환 블록 19999 · 중복 0 · 기동 3	—	s3_exchange_prod_v14_N17.json {rate,acc,att,zero_pairs,lam} · 평균 = prereg v31 (c) C-5 레그별 평균
N17	r5	cplxL2	17	0.7434 0.7503750375037503 0.7319 0.7251725172517252 0.711 0.7247724772477248 0.7432 0.7471747174717471 0.7542 0.7799779977997799 0.7853 0.7818781878187819 0.7613 0.7510751075107511 0.7326 0.7128712871287128	0.7460123331083108	0.711	0.25–0.3125	7434 7503 7319 7251 7110 7247 7432 7471 7542 7799 7853 7818 7613 7510 7326 7128 / 시도 10000 9999 10000 9999 10000 9999 10000 9999 10000 9999 10000 9999 10000 9999 10000 9999	없음	교환 블록 19999 · 중복 0 · 기동 3	—	s3_exchange_prod_v14_N17.json {rate,acc,att,zero_pairs,lam} · 평균 = prereg v31 (c) C-5 레그별 평균
N17	r5	cplxL3	10	0.4472 0.40094009400940095 0.3341 0.36323632363236324 0.3814 0.26452645264526453 0.223 0.23422342234223423 0.279	0.3252918102921403	0.223	0.706–0.8149	4472 4009 3341 3632 3814 2645 2230 2342 2790 / 시도 10000 9999 10000 9999 10000 9999 10000 9999 10000	없음	교환 블록 19999 · 중복 0 · 기동 3	—	s3_exchange_prod_v14_N17.json {rate,acc,att,zero_pairs,lam} · 평균 = prereg v31 (c) C-5 레그별 평균
N17	r5	solvL1	8	0.173 0.1707170717071707 0.1696 0.1705170517051705 0.1876 0.22472247224722472 0.2697	0.19512237080850942	0.1696	0.2857–0.4286	1730 1707 1696 1705 1876 2247 2697 / 시도 10000 9999 10000 9999 10000 9999 10000	없음	교환 블록 19999 · 중복 0 · 기동 1	—	s3_exchange_prod_v14_N17.json {rate,acc,att,zero_pairs,lam} · 평균 = prereg v31 (c) C-5 레그별 평균
N17	r5	solvL2	17	0.7668 0.7915791579157916 0.7844 0.7641764176417641 0.7323 0.7131713171317132 0.7135 0.7367736773677368 0.7589 0.7823782378237824 0.7994 0.7965796579657966 0.7883 0.773977397739774 0.7523 0.7320732073207321	0.7616630669316933	0.7131713171317132	0.3125–0.375	7668 7915 7844 7641 7323 7131 7135 7367 7589 7823 7994 7965 7883 7739 7523 7320 / 시도 10000 9999 10000 9999 10000 9999 10000 9999 10000 9999 10000 9999 10000 9999 10000 9999	없음	교환 블록 19999 · 중복 0 · 기동 1	—	s3_exchange_prod_v14_N17.json {rate,acc,att,zero_pairs,lam} · 평균 = prereg v31 (c) C-5 레그별 평균
N17	r5	solvL3	10	0.3786 0.27012701270127015 0.2328 0.26672667266726674 0.2591 0.2658265826582658 0.2726 0.34133413341334135 0.3638	0.29454604460446043	0.2328	0.2407–0.369	3786 2701 2328 2667 2591 2658 2726 3413 3638 / 시도 10000 9999 10000 9999 10000 9999 10000 9999 10000	없음	교환 블록 19999 · 중복 0 · 기동 1	—	s3_exchange_prod_v14_N17.json {rate,acc,att,zero_pairs,lam} · 평균 = prereg v31 (c) C-5 레그별 평균
